"index","actual","aic_fit","bic_fit","aic","bic","r_aic","r_bic","aic_ma","bic_ma"
1,42.740002,43.9421519140398,43.4185862963746,NA,NA,NA,NA,4,0
2,42.049999,42.2119911154953,42.7902725087431,NA,NA,NA,NA,4,0
3,42.59,41.8153844152241,42.1079356591054,NA,NA,NA,NA,4,0
4,42.150002,42.4177229137513,42.6420668552315,NA,NA,NA,NA,4,0
5,42.029999,42.1236573749373,42.2069015669172,NA,NA,NA,NA,4,0
6,42.32,41.9190939611901,42.0882322844515,NA,NA,NA,NA,4,0
7,42.029999,42.1763567883045,42.3750664859479,NA,NA,NA,NA,4,0
8,41.84,42.1303113016412,42.0882447165646,NA,NA,NA,NA,4,0
9,41.810001,41.7434952358153,41.9003374581076,NA,NA,NA,NA,4,0
10,41.709999,41.8008986011355,41.8706761177315,NA,NA,NA,NA,4,0
11,41.73,41.7455439430431,41.7717754667089,NA,NA,NA,NA,4,0
12,41.73,41.7635977231918,41.7915627308402,NA,NA,NA,NA,4,0
13,41.540001,41.7229956425533,41.7915653955391,NA,NA,NA,NA,4,0
14,41.779999,41.5986156879929,41.6036511036305,NA,NA,NA,NA,4,0
15,41.759998,41.7753565720107,41.8410242899079,NA,NA,NA,NA,4,0
16,41.669998,41.826519836207,41.8212398819051,NA,NA,NA,NA,4,0
17,41.599998,41.7067115127459,41.7322268808267,NA,NA,NA,NA,4,0
18,41.970001,41.6043909928612,41.662996814314,NA,NA,NA,NA,4,0
19,42.049999,42.0299139980725,42.0289469445091,NA,NA,NA,NA,4,0
20,41.93,42.1110609061589,42.108061202904,NA,NA,NA,NA,4,0
21,42.130001,41.9798965729104,41.9893740197605,NA,NA,NA,NA,4,0
22,42.560001,42.1084275538703,42.1871842553588,NA,NA,NA,NA,4,0
23,42.540001,42.6558040863287,42.6124668168262,NA,NA,NA,NA,4,0
24,42.439999,42.5946588182612,42.5926752039688,NA,NA,NA,NA,4,0
25,42.119999,42.4622292850932,42.4937661418507,NA,NA,NA,NA,4,0
26,42.23,42.1178894643625,42.1772743843977,NA,NA,NA,NA,4,0
27,42.400002,42.325424359667,42.2860766032193,NA,NA,NA,NA,4,0
28,42.119999,42.4411921052175,42.4542148433024,NA,NA,NA,NA,4,0
29,42.049999,42.235658485295,42.1772774526755,NA,NA,NA,NA,4,0
30,42.029999,42.0236631515896,42.1080499630558,NA,NA,NA,NA,4,0
31,41.689999,42.1184962002066,42.0882723694678,NA,NA,NA,NA,4,0
32,42.459999,41.7595828959356,41.7520009880363,NA,NA,NA,NA,4,0
33,42.880001,42.5059216505319,42.5135692547439,NA,NA,NA,NA,4,0
34,42.27,42.949053731615,42.9289532813334,NA,NA,NA,NA,4,0
35,40.939999,42.3903667574898,42.3256252579169,NA,NA,NA,NA,4,0
36,41.029999,40.8172782488962,41.0102116666118,NA,NA,NA,NA,4,0
37,41.169998,41.1033302792004,41.0992569844814,NA,NA,NA,NA,4,0
38,41.439999,41.3028116316843,41.2377299742299,NA,NA,NA,NA,4,0
39,41.259998,41.6532647991403,41.5047728210468,NA,NA,NA,NA,4,0
40,41.119999,41.1585448478708,41.3267405564484,NA,NA,NA,NA,4,0
41,40.91,41.2615566768938,41.1882795089219,NA,NA,NA,NA,4,0
42,41.360001,40.8636412498488,40.9805868761737,NA,NA,NA,NA,4,0
43,41.369999,41.5324853341385,41.4256618541228,NA,NA,NA,NA,4,0
44,41.119999,41.3497049222498,41.4355428676959,NA,NA,NA,NA,4,0
45,41.529999,41.2836356245282,41.1882812195309,NA,NA,NA,NA,4,0
46,41.75,41.413861300428,41.5937920040177,NA,NA,NA,NA,4,0
47,41.150002,41.9670796395316,41.8113739146423,NA,NA,NA,NA,4,0
48,40.349998,41.1342146908948,41.2179455923444,NA,NA,NA,NA,4,0
49,40.169998,40.4072902158736,40.4267215968485,NA,NA,NA,NA,4,0
50,40.360001,40.1457088455182,40.248715715302,NA,NA,NA,NA,4,0
51,40.619999,40.5919093818223,40.4366474144409,NA,NA,NA,NA,4,0
52,40.57,40.6690906509772,40.693796307748,NA,NA,NA,NA,4,0
53,41.290001,40.6733901566855,40.6443410696485,NA,NA,NA,NA,4,0
54,40.98,41.2711292739962,41.3564503131523,NA,NA,NA,NA,4,0
55,42,41.1129080692381,41.0498315766362,NA,NA,NA,NA,4,0
56,41.900002,42.0086772592209,42.058652989331,NA,NA,NA,NA,4,0
57,41.759998,41.935883401532,41.9597282375942,NA,NA,NA,NA,4,0
58,41.209999,41.8916230064193,41.8212534480383,NA,NA,NA,NA,4,0
59,41.549999,41.0847555032506,41.2772832399426,NA,NA,NA,NA,4,0
60,41.740002,41.7526739067343,41.6135678445656,NA,NA,NA,NA,4,0
61,41.669998,41.7363232906785,41.8014838479452,NA,NA,NA,NA,4,0
62,41.66,41.896011283615,41.7322418427447,NA,NA,NA,NA,4,0
63,41.57,41.5256387181886,41.7223531010579,NA,NA,NA,NA,4,0
64,41.549999,41.7773937812745,41.633339370186,NA,NA,NA,NA,4,0
65,41.599998,41.509692952565,41.6135593373897,NA,NA,NA,NA,4,0
66,41.610001,41.7698361015777,41.6630111593686,NA,NA,NA,NA,4,0
67,41.389999,41.5817915588048,41.6729036831596,NA,NA,NA,NA,4,0
68,41.599998,41.5502173152428,41.4553127294885,NA,NA,NA,NA,4,0
69,41.459999,41.5606981009682,41.6630145828893,NA,NA,NA,NA,4,0
70,41.799999,41.6212380085605,41.5245469571609,NA,NA,NA,NA,4,0
71,41.650002,41.8057887828851,41.860822400771,NA,NA,NA,NA,4,0
72,41.75,41.7490962407099,41.712462629839,NA,NA,NA,NA,4,0
73,41.740002,41.7890495113662,41.8113656858093,NA,NA,NA,NA,4,0
74,41.32,41.7866007155248,41.8014750862787,NA,NA,NA,NA,4,0
75,41.040001,41.4128877205476,41.3860762915272,NA,NA,NA,NA,4,0
76,41.049999,41.0593985674746,41.1091555023322,NA,NA,NA,NA,4,0
77,40.950001,41.1312459388405,41.1190530386726,NA,NA,NA,NA,4,0
78,40.880001,41.059420779241,41.0201543501891,NA,NA,NA,NA,4,0
79,41.220001,40.9500566734078,40.9509256087289,NA,NA,NA,NA,4,0
80,41.290001,41.260016579344,41.2872021193599,NA,NA,NA,NA,4,0
81,41.139999,41.3942963823118,41.3564288029305,NA,NA,NA,NA,4,0
82,41.32,41.1924111664597,41.2080679317114,NA,NA,NA,NA,4,0
83,41.43,41.3324721994554,41.3860981566415,NA,NA,NA,NA,4,0
84,41.900002,41.5211214290875,41.4948889847668,NA,NA,NA,NA,4,0
85,42.119999,41.9764501825553,41.9597356208005,NA,NA,NA,NA,4,0
86,41.810001,42.1612981409853,42.1773093328507,NA,NA,NA,NA,4,0
87,41.450001,41.879849742865,41.8707002668726,NA,NA,NA,NA,4,0
88,41.380001,41.4384071686914,41.5146495666757,NA,NA,NA,NA,4,0
89,41.57,41.4598851988135,41.4454251420296,NA,NA,NA,NA,4,0
90,41.259998,41.6655443116593,41.6333455315893,NA,NA,NA,NA,4,0
91,41.400002,41.3657148191352,41.3267389029677,NA,NA,NA,NA,4,0
92,41.540001,41.4208801961818,41.4652146240021,NA,NA,NA,NA,4,0
93,41.560001,41.6082855042633,41.6036779747185,NA,NA,NA,NA,4,0
94,41.900002,41.6762206025333,41.6234555939548,NA,NA,NA,NA,4,0
95,42.02,41.9068236540285,41.9597283289863,NA,NA,NA,NA,4,0
96,41.25,42.1058343560329,42.0784027972182,NA,NA,NA,NA,4,0
97,40.580002,41.3035629688194,41.3168375348143,NA,NA,NA,NA,4,0
98,40.619999,40.5853394222213,40.6541985631136,NA,NA,NA,NA,4,0
99,40.529999,40.6723186737511,40.6937765457959,NA,NA,NA,NA,4,0
100,40.439999,40.7198622929626,40.604769096786,NA,NA,NA,NA,4,0
101,41.200001,40.5033803630973,40.5157608726463,NA,NA,NA,NA,4,0
102,41.23,41.2320243316666,41.2674368795483,NA,NA,NA,NA,4,0
103,41.459999,41.3448257872855,41.2970923277506,NA,NA,NA,NA,4,0
104,41.599998,41.5180311225692,41.524565398875,NA,NA,NA,NA,4,0
105,41.66,41.5545789167176,41.6630226848188,NA,NA,NA,NA,4,0
106,41.779999,41.8022978649602,41.722361139851,NA,NA,NA,NA,4,0
107,41.669998,41.7646255124159,41.841040996242,NA,NA,NA,NA,4,0
108,41.959999,41.7801409464353,41.732241261057,NA,NA,NA,NA,4,0
109,42.16,41.9647644358152,42.0190639561361,NA,NA,NA,NA,4,0
110,42.470001,42.2746157593498,42.2168658319469,NA,NA,NA,NA,4,0
111,42.48,42.5124742643246,42.5234618108389,NA,NA,NA,NA,4,0
112,42.18,42.5372807843443,42.5333414155517,NA,NA,NA,NA,4,0
113,41.990002,42.2161014990016,42.2366256978527,NA,NA,NA,NA,4,0
114,41.990002,42.0292297622501,42.0487147988906,NA,NA,NA,NA,4,0
115,42.029999,42.0615506664325,42.0487198189241,NA,NA,NA,NA,4,0
116,42.290001,42.1317120031869,42.0882798740838,NA,NA,NA,NA,4,0
117,42.029999,42.3468533444779,42.3454315868608,NA,NA,NA,NA,4,0
118,41.970001,42.0984277043007,42.0882736895859,NA,NA,NA,NA,4,0
119,42.119999,42.0110398573313,42.0289372142002,NA,NA,NA,NA,4,0
120,42.25,42.153865483891,42.1772932956033,NA,NA,NA,NA,4,0
121,42.029999,42.3702912405145,42.3058667160782,NA,NA,NA,NA,4,0
122,42.18,42.0582436833561,42.0882735518717,NA,NA,NA,NA,4,0
123,42.5,42.2255935768157,42.2366339375639,NA,NA,NA,NA,4,0
124,42.380001,42.5439887271563,42.5531238616525,NA,NA,NA,NA,4,0
125,42.169998,42.5027391108987,42.434432289628,NA,NA,NA,NA,4,0
126,42.119999,42.1493572122416,42.2267311471916,NA,NA,NA,NA,4,0
127,42.32,42.1756623998187,42.1772843813477,NA,NA,NA,NA,4,0
128,42.43,42.390668058646,42.375095337953,NA,NA,NA,NA,4,0
129,42.419998,42.5240834349913,42.4838859073648,NA,NA,NA,NA,4,0
130,42.599998,42.4471135516371,42.4739899737904,NA,NA,NA,NA,4,0
131,42.439999,42.6441487820444,42.6520158068705,NA,NA,NA,NA,4,0
132,42.41,42.4954146315709,42.4937659251466,NA,NA,NA,NA,4,0
133,42.68,42.46888888468,42.464097583868,NA,NA,NA,NA,4,0
134,42.57,42.6967004077489,42.7311389104748,NA,NA,NA,NA,4,0
135,42.669998,42.685050016266,42.6223387932711,NA,NA,NA,NA,4,0
136,42.610001,42.6813789426837,42.721241167345,NA,NA,NA,NA,4,0
137,42.689999,42.656887289555,42.6618993640523,NA,NA,NA,NA,4,0
138,42.66,42.7581108064954,42.741020845395,NA,NA,NA,NA,4,0
139,42.939999,42.6987148505775,42.7113487530045,NA,NA,NA,NA,4,0
140,42.790001,43.0039925823301,42.9882784940974,NA,NA,NA,NA,4,0
141,43.07,42.8299341629904,42.8399181686818,NA,NA,NA,NA,4,0
142,43.48,43.1334877918375,43.1168490885718,NA,NA,NA,NA,4,0
143,43.23,43.4839519548787,43.5223485706527,NA,NA,NA,NA,4,0
144,43.09,43.3585754790986,43.2750774469094,NA,NA,NA,NA,4,0
145,43.07,43.0345014062598,43.136613388469,NA,NA,NA,NA,4,0
146,43.279999,43.1333649978762,43.1168353195936,NA,NA,NA,NA,4,0
147,43.110001,43.3511962039,43.3245334005333,NA,NA,NA,NA,4,0
148,43.240002,43.1855812935752,43.1563943022311,NA,NA,NA,NA,4,0
149,43.009998,43.2501607285826,43.2849725685314,NA,NA,NA,NA,4,0
150,43.150002,43.0595335116867,43.0574872246429,NA,NA,NA,NA,4,0
151,43.220001,43.2180552847131,43.1959608546038,NA,NA,NA,NA,4,0
152,43.389999,43.2374717065592,43.265190623768,NA,NA,NA,NA,4,0
153,43.32,43.4887935848889,43.4333231023766,NA,NA,NA,NA,4,0
154,43.66,43.3105976360808,43.3640867808321,NA,NA,NA,NA,4,0
155,43.689999,43.7351656274093,43.7003597907054,NA,NA,NA,NA,4,0
156,43.889999,43.6927687813922,43.7300219414894,NA,NA,NA,NA,4,0
157,43.509998,43.9879476365274,43.9278261554971,NA,NA,NA,NA,4,0
158,43.57,43.4634012126236,43.551984271859,NA,NA,NA,NA,4,0
159,43.669998,43.6717082030781,43.6113345487327,NA,NA,NA,NA,4,0
160,43.59,43.6341656406605,43.7102364403183,NA,NA,NA,NA,4,0
161,43.73,43.7638605684504,43.6311130621676,NA,NA,NA,NA,4,0
162,43.849998,43.648931131672,43.7695794330663,NA,NA,NA,NA,4,0
163,43.93,43.9794891020377,43.8882590622956,NA,NA,NA,NA,4,0
164,43.799999,43.9102952102099,43.9673803620982,NA,NA,NA,NA,4,0
165,43.900002,43.8884383300267,43.8388010716827,NA,NA,NA,NA,4,0
166,44.18,43.8631099596532,43.9377093883872,NA,NA,NA,NA,4,0
167,44.389999,44.2800798682375,44.2146361030591,NA,NA,NA,NA,4,0
168,45.029999,44.4047552883981,44.4223261141919,NA,NA,NA,NA,4,0
169,45.41,45.0851137320994,45.0553035651412,NA,NA,NA,NA,4,0
170,45.389999,45.4027263756023,45.4311219624719,NA,NA,NA,NA,4,0
171,45.43,45.4582728184844,45.4113253070032,NA,NA,NA,NA,4,0
172,45.470001,45.3486443137359,45.4508820695587,NA,NA,NA,NA,4,0
173,45.790001,45.5462013742463,45.490440315573,NA,NA,NA,NA,4,0
174,45.889999,45.7996221127684,45.8069292495545,NA,NA,NA,NA,4,0
175,45.990002,45.9584305455172,45.9058219260425,NA,NA,NA,NA,4,0
176,45.98,45.982594921243,46.0047227220588,NA,NA,NA,NA,4,0
177,45.509998,46.0064410202069,45.9948251319064,NA,NA,NA,NA,4,0
178,45.130001,45.5312713196356,45.5299725716006,NA,NA,NA,NA,4,0
179,45.32,45.1451240645825,45.154149738385,NA,NA,NA,NA,4,0
180,45.330002,45.338330024072,45.3420768698118,NA,NA,NA,NA,4,0
181,45.029999,45.4377745051036,45.3519685630115,NA,NA,NA,NA,4,0
182,45.299999,45.0509718699757,45.0552540296739,NA,NA,NA,NA,4,0
183,45.25,45.2787654865412,45.3223012969274,NA,NA,NA,NA,4,0
184,45.310001,45.3055878571229,45.2728465687819,NA,NA,NA,NA,4,0
185,45.380001,45.3626092547119,45.3321900984154,NA,NA,NA,NA,4,0
186,45.610001,45.3338343947574,45.401421459606,NA,NA,NA,NA,4,0
187,45.220001,45.6805108372834,45.6288983099944,NA,NA,NA,NA,4,0
188,45.07,45.2078910309969,45.2431673089561,NA,NA,NA,NA,4,0
189,45.25,45.0968910830123,45.094817133366,NA,NA,NA,NA,4,0
190,45.43,45.2103015517355,45.2728492045373,NA,NA,NA,NA,4,0
191,45.049999,45.5655579311336,45.4508739469855,NA,NA,NA,NA,4,0
192,45.32,45.0089023443693,45.0750338031137,NA,NA,NA,NA,4,0
193,44.830002,45.3425478708991,45.3420822650215,NA,NA,NA,NA,4,0
194,44.849998,44.8169551637759,44.8574513292652,NA,NA,NA,NA,4,0
195,44.759998,44.9542915335283,44.8772380784307,NA,NA,NA,NA,4,0
196,44.82,44.6606350903707,44.7882273071875,NA,NA,NA,NA,4,0
197,44.400002,44.9971590408459,44.8475749976075,NA,NA,NA,NA,4,0
198,44.389999,44.2935968462887,44.4321808761428,NA,NA,NA,NA,4,0
199,44.380001,44.5119981342872,44.4222973470207,NA,NA,NA,NA,4,0
200,44.330002,44.2886052511823,44.4124126035911,NA,NA,NA,NA,4,0
201,44.509998,44.5170778632373,44.3629637512355,NA,NA,NA,NA,4,0
202,44.43,44.3805949101858,44.5409890906172,NA,NA,NA,NA,4,0
203,44.68,44.5800018940165,44.4618651236525,NA,NA,NA,NA,4,0
204,44.73,44.5890939975111,44.7091260107376,NA,NA,NA,NA,4,0
205,44.669998,44.837347859038,44.7585728154779,NA,NA,NA,NA,4,0
206,44.830002,44.6193346523988,44.6992258599135,NA,NA,NA,NA,4,0
207,44.82,44.8847625632471,44.857476293918,NA,NA,NA,NA,4,0
208,45.029999,44.7989305084853,44.847580246687,NA,NA,NA,NA,4,0
209,44.84,45.1087637857627,45.0552763198598,NA,NA,NA,NA,4,0
210,45.240002,44.79451221475,44.8673546806077,NA,NA,NA,NA,4,0
211,45.740002,45.3152425628413,45.262974467395,NA,NA,NA,NA,4,0
212,46.119999,45.6965933056571,45.7574852239432,NA,NA,NA,NA,4,0
213,46.009998,46.2496937950861,46.1333028523354,NA,NA,NA,NA,4,0
214,45.84,45.9002481167932,46.0244939296452,NA,NA,NA,NA,4,0
215,45.700001,45.8960102087152,45.8563562693706,NA,NA,NA,NA,4,0
216,45.59,45.6295225909117,45.7178933896686,NA,NA,NA,NA,4,0
217,45.669998,45.7156339837591,45.6091009668138,NA,NA,NA,NA,4,0
218,45.5,45.6192475243542,45.6882250590714,NA,NA,NA,NA,4,0
219,45.639999,45.6048473302877,45.5200895059983,NA,NA,NA,NA,4,0
220,45.599998,45.5936896331375,45.6585574244655,NA,NA,NA,NA,4,0
221,45.59,45.6740670795949,45.6189927902056,NA,NA,NA,NA,4,0
222,45.740002,45.5804909086727,45.6091046807154,NA,NA,NA,NA,4,0
223,45.59,45.7666618206499,45.7574626693329,NA,NA,NA,NA,4,0
224,45.799999,45.6004198685114,45.6091015463871,NA,NA,NA,NA,4,0
225,46.189999,45.8256960286894,45.8168008913065,NA,NA,NA,NA,4,0
226,46.200001,46.1752987225459,46.2025217650084,NA,NA,NA,NA,4,0
227,45.860001,46.2771849146725,46.2124040032877,NA,NA,NA,NA,4,0
228,45.669998,45.8013602056742,45.8761270448649,NA,NA,NA,NA,4,0
229,45.68,45.6726042767523,45.6882124089711,NA,NA,NA,NA,4,0
230,45.599998,45.6918484127941,45.6981103477321,NA,NA,NA,NA,4,0
231,45.540001,45.6797956983072,45.6189868839775,NA,NA,NA,NA,4,0
232,45.41,45.5204138586655,45.5596500877973,NA,NA,NA,NA,4,0
233,45.57,45.4411177585848,45.431076416969,NA,NA,NA,NA,4,0
234,45.419998,45.574710066301,45.5893264825231,NA,NA,NA,NA,4,0
235,45.450001,45.4618123613871,45.4409666138375,NA,NA,NA,NA,4,0
236,45.389999,45.4501285275991,45.4706437242844,NA,NA,NA,NA,4,0
237,45.549999,45.388567327023,45.4112997783202,NA,NA,NA,NA,4,0
238,45.779999,45.5913314829197,45.5695476222408,NA,NA,NA,NA,4,0
239,45.919998,45.7742498364367,45.7970235933769,NA,NA,NA,NA,4,0
240,45.959999,45.9611207831712,45.9354820602701,NA,NA,NA,NA,4,0
241,46.279999,45.9311144120768,45.9750394252984,NA,NA,NA,NA,4,0
242,46.299999,46.2951878766012,46.2915288525247,NA,NA,NA,NA,4,0
243,46.52,46.3005300149437,46.3113010517888,NA,NA,NA,NA,4,0
244,46.720001,46.5459395309522,46.5288868925772,NA,NA,NA,NA,4,0
245,46.869999,46.6779112764013,46.7266888046746,NA,NA,NA,NA,4,0
246,46.110001,46.9326781105556,46.8750353505027,NA,NA,NA,NA,4,0
247,46.18,46.0641271142024,46.1233615157296,NA,NA,NA,NA,4,0
248,46.110001,46.1868162443931,46.1926073666378,NA,NA,NA,NA,4,0
249,45.98,46.0954574967414,46.1233779555137,NA,NA,NA,NA,4,0
250,45.779999,46.1362113517046,45.9948045867798,NA,NA,NA,NA,4,0
251,45.400002,45.6576610619363,45.7969998264597,NA,NA,NA,NA,4,0
252,45.490002,45.5096632453495,45.4211740791073,NA,NA,NA,NA,4,0
253,45.689999,45.4241545598764,45.5101983208063,NA,NA,NA,NA,4,0
254,45.57,45.8039260202969,45.7080050576253,NA,NA,NA,NA,4,0
255,44.639999,45.5418941533884,45.5893183718668,NA,NA,NA,NA,4,0
256,44.91,44.6744820432085,44.6695136265015,NA,NA,NA,NA,4,0
257,45.009998,44.8208561594972,44.9365767305623,NA,NA,NA,NA,4,0
258,44.799999,45.1261246832831,45.0354799371041,NA,NA,NA,NA,4,0
259,45.189999,44.8701473490227,44.82778231927,NA,NA,NA,NA,4,0
260,45.5,45.103369166043,45.2135126462974,NA,NA,NA,NA,4,0
261,45.52,45.5566557439411,45.5201090033831,NA,NA,NA,NA,4,0
262,45.490002,45.5564194865231,45.539881207996,NA,NA,NA,NA,4,0
263,45.41,45.4343785942344,45.5102087268353,NA,NA,NA,NA,4,0
264,45.869999,45.4105203310282,45.4310828406723,NA,NA,NA,NA,4,0
265,46.099998,45.8945294166807,45.8860408328821,NA,NA,NA,NA,4,0
266,46.110001,46.1306708882772,46.1135086352989,NA,NA,NA,NA,4,0
267,46.18,46.1264986411516,46.1233934795175,NA,NA,NA,NA,4,0
268,46.619999,46.1240895626426,46.1926215974991,NA,NA,NA,NA,4,0
269,46.52,46.6573769987989,46.627794130696,NA,NA,NA,NA,4,0
270,46.400002,46.5388304903149,46.528879682676,NA,NA,NA,NA,4,0
271,46.59,46.4050928907385,46.4101949444339,NA,NA,NA,NA,4,0
272,46.380001,46.5304753977458,46.5981113906542,NA,NA,NA,NA,4,0
273,46.32,46.4776553262678,46.3904097615249,NA,NA,NA,NA,4,0
274,46.18,46.2874863084874,46.3310693689963,NA,NA,NA,NA,4,0
275,46.049999,46.1938816175033,46.1926057938341,NA,NA,NA,NA,4,0
276,46.23,46.077524024694,46.0640333978242,NA,NA,NA,NA,4,0
277,46.07,46.2447694713221,46.2420654213086,NA,NA,NA,NA,4,0
278,45.860001,46.0957825286568,46.0838166815035,NA,NA,NA,NA,4,0
279,45.98,45.872788814388,45.8761225459831,NA,NA,NA,NA,4,0
280,45.799999,45.9504513516884,45.9948118443355,NA,NA,NA,NA,4,0
281,45.880001,45.8640296056617,45.8167832128153,NA,NA,NA,NA,4,0
282,45.970001,45.874545880662,45.8959124532093,NA,NA,NA,NA,4,0
283,45.470001,45.9689066742893,45.984925642528,NA,NA,NA,NA,4,0
284,45.939999,45.5105344558768,45.4904045107467,NA,NA,NA,NA,4,0
285,46.18,45.9006674921555,45.9552614436776,NA,NA,NA,NA,4,0
286,46.23,46.2170010620022,46.1926247044985,NA,NA,NA,NA,4,0
287,46.540001,46.302331333018,46.2420695464925,NA,NA,NA,NA,4,0
288,46.720001,46.4342021446351,46.5486689622042,NA,NA,NA,NA,4,0
289,47.43,46.7793315624195,46.7266874103951,NA,NA,NA,NA,4,0
290,46.810001,47.4055292616133,47.4288966638499,NA,NA,NA,NA,4,0
291,46.549999,46.8369161262886,46.8156747676629,NA,NA,NA,NA,4,0
292,45.709999,46.4903330411321,46.5585296882106,NA,NA,NA,NA,4,0
293,45.459999,45.6650464281735,45.7277439365768,NA,NA,NA,NA,4,0
294,45.779999,45.5760346700239,45.4805049748176,NA,NA,NA,NA,4,0
295,45.84,45.73716043029,45.7970098570816,NA,NA,NA,NA,4,0
296,45.880001,46.0089609157839,45.8563512011425,NA,NA,NA,NA,4,0
297,45.900002,45.7944311114615,45.8959128787908,NA,NA,NA,NA,4,0
298,45.830002,45.9372867168471,45.9156939101324,NA,NA,NA,NA,4,0
299,45.5,45.7936467223278,45.8464607491071,NA,NA,NA,NA,4,0
300,45.77,45.5546775175321,45.5200775620975,NA,NA,NA,NA,4,0
301,45.970001,45.7099293217341,45.7871259775801,NA,NA,NA,NA,4,0
302,46.23,46.0471094271205,45.9849314251539,NA,NA,NA,NA,4,0
303,46.259998,46.2358796876912,46.2420754494731,NA,NA,NA,NA,4,0
304,46.450001,46.2432926006366,46.2717372326231,NA,NA,NA,NA,4,0
305,45.779999,46.4371514613526,46.4596542443254,NA,NA,NA,NA,4,0
306,45.310001,45.7867201933542,45.7969905694955,NA,NA,NA,NA,4,0
307,45.330002,45.2999020937195,45.3321571040314,NA,NA,NA,NA,4,0
308,45.290001,45.3025438872846,45.3519530807889,NA,NA,NA,NA,4,0
309,45.900002,45.4247311358961,45.3123952085782,NA,NA,NA,NA,4,0
310,46.029999,45.8813899318595,45.9157131301485,NA,NA,NA,NA,4,0
311,46.189999,46.0676565534158,46.0442733056935,NA,NA,NA,NA,4,0
312,45.93,46.181962619064,46.2025132100809,NA,NA,NA,NA,4,0
313,46.130001,45.8834886845233,45.9453581687272,NA,NA,NA,NA,4,0
314,46.080002,46.1499315285114,46.1431703161667,NA,NA,NA,NA,4,0
315,45.599998,46.0703079196067,46.0937155164779,NA,NA,NA,NA,4,0
316,45.59,45.6669612555714,45.6189728030417,NA,NA,NA,NA,4,0
317,45.810001,45.5043410974162,45.6090948185624,NA,NA,NA,NA,4,0
318,45.93,45.8972979838291,45.826687819897,NA,NA,NA,NA,4,0
319,45.720001,45.9607163282815,45.9453681684165,NA,NA,NA,NA,4,0
320,45.880001,45.729903088759,45.7376676533215,NA,NA,NA,NA,4,0
321,45.540001,45.832767097821,45.8959174429098,NA,NA,NA,NA,4,0
322,45.439999,45.591334096941,45.5596417582765,NA,NA,NA,NA,4,0
323,46.080002,45.44600227556,45.4607428395007,NA,NA,NA,NA,4,0
324,46.07,46.0598176142562,46.0937349912139,NA,NA,NA,NA,4,0
325,46,46.1662074469631,46.0838301028729,NA,NA,NA,NA,4,0
326,46.23,45.9718892801176,46.0145939003416,NA,NA,NA,NA,4,0
327,46.07,46.1660149648407,46.2420727351811,NA,NA,NA,NA,4,0
328,46.040001,46.1426506581811,46.0838210082292,NA,NA,NA,NA,4,0
329,46.150002,46.0282580194724,46.0541524141309,NA,NA,NA,NA,4,0
330,46.529999,46.1355357890129,46.1629484382461,NA,NA,NA,NA,4,0
331,46.82,46.5760359913564,46.5387778269993,NA,NA,NA,NA,4,0
332,46.880001,46.8319450144061,46.8255906912107,NA,NA,NA,NA,4,0
333,47.16,46.8817909457262,46.8849242507069,NA,NA,NA,NA,4,0
334,47.380001,47.118706213055,47.1618489215124,NA,NA,NA,NA,4,0
335,47.450001,47.4013082636589,47.3794296079703,NA,NA,NA,NA,4,0
336,47.830002,47.4557549245483,47.4486537707779,NA,NA,NA,NA,4,0
337,47.84,47.8042808181585,47.8244841818014,NA,NA,NA,NA,4,0
338,48.529999,47.8503735240185,47.8343613883038,NA,NA,NA,NA,4,0
339,47.700001,48.5322233651084,48.5167923278838,NA,NA,NA,NA,4,0
340,47.41,47.68349788629,47.6958741064805,NA,NA,NA,NA,4,0
341,47.59,47.4101627873568,47.4090636636726,NA,NA,NA,NA,4,0
342,47.450001,47.4818790687347,47.5870994750937,NA,NA,NA,NA,4,0
343,46.73,47.6726746846822,47.4486337484066,NA,NA,NA,NA,4,0
344,44.889999,46.6105775581966,46.7365278689724,NA,NA,NA,NA,4,0
345,44.669998,44.9333147359041,44.9167128009979,NA,NA,NA,NA,4,0
346,44.560001,44.5745415258988,44.6991702271378,NA,NA,NA,NA,4,0
347,43.099998,44.7496220049056,44.5904002414188,NA,NA,NA,NA,4,0
348,43.130001,43.2114669859602,43.146413264882,NA,NA,NA,NA,4,0
349,43.970001,43.0176569027924,43.1761267347266,NA,NA,NA,NA,4,0
350,44.189999,44.0210400780753,44.0069335048176,NA,NA,NA,NA,4,0
351,44.099998,44.4150374395313,44.2245092075355,NA,NA,NA,NA,4,0
352,44.779999,43.942959653529,44.1354887679881,NA,NA,NA,NA,4,0
353,44.98,44.7361390292107,44.8080369795721,NA,NA,NA,NA,4,0
354,43.990002,45.0110781050786,45.0058311768242,NA,NA,NA,NA,4,0
355,43.34,44.044626937551,44.0266761009414,NA,NA,NA,NA,4,0
356,43.52,43.1609960000221,43.3838178925057,NA,NA,NA,NA,4,0
357,44.040001,43.6108921855226,43.561865122127,NA,NA,NA,NA,4,0
358,44.029999,44.1560837383757,44.0761697139261,NA,NA,NA,NA,4,0
359,43.619999,44.0950227961257,44.0662683787099,NA,NA,NA,NA,4,0
360,43.220001,43.544399234676,43.6607607819581,NA,NA,NA,NA,4,0
361,43.43,43.2258346453404,43.2651560239688,NA,NA,NA,NA,4,0
362,43.720001,43.4609697490973,43.4728650891733,NA,NA,NA,NA,4,0
363,43.889999,43.8074393253057,43.7596871275445,NA,NA,NA,NA,4,0
364,43.93,43.9191060096574,43.9278161708192,NA,NA,NA,NA,4,0
365,43.82,43.9192540048752,43.967373610046,NA,NA,NA,NA,4,0
366,44.450001,43.8296915574378,43.8585768499321,NA,NA,NA,NA,4,0
367,44.82,44.4665625852879,44.4816736831455,NA,NA,NA,NA,4,0
368,44.529999,44.8694996657079,44.8476032375927,NA,NA,NA,NA,4,0
369,44.57,44.5730467781524,44.5607682807267,NA,NA,NA,NA,4,0
370,43.779999,44.483711118905,44.600332422046,NA,NA,NA,NA,4,0
371,43.669998,43.8438955444092,43.8189895564691,NA,NA,NA,NA,4,0
372,43.459999,43.7021292813551,43.7102111992276,NA,NA,NA,NA,4,0
373,43.259998,43.4784864029582,43.5025217996091,NA,NA,NA,NA,4,0
374,43.16,43.3941960895403,43.3047210693837,NA,NA,NA,NA,4,0
375,43,43.1224488560614,43.2058270203141,NA,NA,NA,NA,4,0
376,42.759998,43.1019642854299,43.0475864539406,NA,NA,NA,NA,4,0
377,42.330002,42.753738162853,42.8102214831736,NA,NA,NA,NA,4,0
378,42.689999,42.4047825217682,42.3849470402862,NA,NA,NA,NA,4,0
379,42.889999,42.6776012637751,42.7410111178614,NA,NA,NA,NA,4,0
380,43.32,43.0027779187281,42.938816011972,NA,NA,NA,NA,4,0
381,43.43,43.3525039907044,43.3640994348315,NA,NA,NA,NA,4,0
382,42.669998,43.4229121695961,43.4728831982889,NA,NA,NA,NA,4,0
383,43.380001,42.7031791022873,42.7212060838032,NA,NA,NA,NA,4,0
384,44.240002,43.3346889792207,43.4234412381895,NA,NA,NA,NA,4,0
385,44.400002,44.334825498201,44.2740040015129,NA,NA,NA,NA,4,0
386,43.919998,44.5379625985885,44.4322277784844,NA,NA,NA,NA,4,0
387,43.830002,43.7866989080375,43.9574739843251,NA,NA,NA,NA,4,0
388,43.990002,43.8386276815689,43.8684701901664,NA,NA,NA,NA,4,0
389,43.990002,44.034653708443,44.0267190769113,NA,NA,NA,NA,4,0
390,44.029999,44.1239431576514,44.0267160792603,NA,NA,NA,NA,4,0
391,44.509998,43.9874233351402,44.0662735858045,NA,NA,NA,NA,4,0
392,44.68,44.5775478914566,44.5410096360239,NA,NA,NA,NA,4,0
393,44.880001,44.7118286119628,44.7091367134788,NA,NA,NA,NA,4,0
394,44.509998,44.9379050709039,44.9069376239733,NA,NA,NA,NA,4,0
395,44.310001,44.4545797595737,44.5409825460161,NA,NA,NA,NA,4,0
396,43.740002,44.3850143544383,44.3431826972905,NA,NA,NA,NA,4,0
397,43.98,43.7113374150746,43.7794369015759,NA,NA,NA,NA,4,0
398,43.07,44.1028642349625,44.0168184918396,NA,NA,NA,NA,4,0
399,42.43,43.0621622698379,43.1167927493639,NA,NA,NA,NA,4,0
400,42.75,42.558759693574,42.483828975351,NA,NA,NA,NA,4,0
401,43.310001,42.6298678478213,42.8003428746939,NA,NA,NA,NA,4,0
402,43.209999,43.605393413246,43.3542067163196,NA,NA,NA,NA,4,0
403,42.59,43.1500105911516,43.2552905021133,NA,NA,NA,NA,4,0
404,42.060001,42.648490233152,42.6420873207595,NA,NA,NA,NA,4,0
405,41.889999,41.9375901944736,42.1179116777167,NA,NA,NA,NA,4,0
406,42.360001,42.0710537304885,41.949789700237,NA,NA,NA,NA,4,0
407,42.139999,42.3513140974835,42.4146499962574,NA,NA,NA,NA,4,0
408,41.810001,42.301554737923,42.1970536900847,NA,NA,NA,NA,4,0
409,41.779999,41.7439625353357,41.8706771927805,NA,NA,NA,NA,4,0
410,42.18,41.8246687310551,41.8410132604263,NA,NA,NA,NA,4,0
411,42.139999,42.2309025559704,42.2366339785108,NA,NA,NA,NA,4,0
412,42.040001,42.2502138075157,42.1970647549358,NA,NA,NA,NA,4,0
413,41.720001,42.0147112298189,42.0981622949447,NA,NA,NA,NA,4,0
414,41.549999,41.7454383832634,41.7816720718693,NA,NA,NA,NA,4,0
415,42.299999,41.6024761404039,41.6135415277663,NA,NA,NA,NA,4,0
416,42.18,42.3520540465723,42.3553272115307,NA,NA,NA,NA,4,0
417,42.41,42.2808953709704,42.2366295737399,NA,NA,NA,NA,4,0
418,42.25,42.4359567459999,42.4641072463421,NA,NA,NA,NA,4,0
419,42.400002,42.2037012877948,42.3058551506893,NA,NA,NA,NA,4,0
420,42.32,42.5334156974978,42.454214423345,NA,NA,NA,NA,4,0
421,42.400002,42.284473655696,42.3750861354337,NA,NA,NA,NA,4,0
422,42.68,42.5323746400451,42.4542118801752,NA,NA,NA,NA,4,0
423,43.130001,42.6316948761524,42.7311389526255,NA,NA,NA,NA,4,0
424,43,43.286074528036,43.1762004243401,NA,NA,NA,NA,4,0
425,43.119999,42.9633429582723,43.0476119280062,NA,NA,NA,NA,4,0
426,43.490002,43.2029983344543,43.1662939462488,NA,NA,NA,NA,4,0
427,43.110001,43.4345181625442,43.5322371074562,NA,NA,NA,NA,4,0
428,43.459999,43.2926551518199,43.1563912710791,NA,NA,NA,NA,4,0
429,43.439999,43.3701292130386,43.5025574659281,NA,NA,NA,NA,4,0
430,43.950001,43.5516959398119,43.4827695306982,NA,NA,NA,NA,4,0
431,44.130001,43.9957280184797,43.9871791062038,NA,NA,NA,NA,4,0
432,44.41,44.1634796387848,44.1651933729314,NA,NA,NA,NA,4,0
433,44.18,44.4582455903046,44.4421145578883,NA,NA,NA,NA,4,0
434,43.580002,44.1701880915039,44.2146255895199,NA,NA,NA,NA,4,0
435,44.119999,43.6396049343285,43.6212052385021,NA,NA,NA,NA,4,0
436,43.549999,44.0888182265359,44.1552957794094,NA,NA,NA,NA,4,0
437,43.599998,43.704567422063,43.591535247331,NA,NA,NA,NA,4,0
438,43.259998,43.6286706549686,43.6409964604012,NA,NA,NA,NA,4,0
439,43.09,43.2273960188519,43.3047251538295,NA,NA,NA,NA,4,0
440,43.25,43.2485194875778,43.1365990967612,NA,NA,NA,NA,4,0
441,43.580002,43.1990354080971,43.2948520825276,NA,NA,NA,NA,4,0
442,43.330002,43.7335331853215,43.6212359923504,NA,NA,NA,NA,4,0
443,43.07,43.3053108987584,43.3739692623715,NA,NA,NA,NA,4,0
444,43.470001,43.1384463015435,43.1168207571883,NA,NA,NA,NA,4,0
445,43.860001,43.4048637329059,43.5124439588187,NA,NA,NA,NA,4,0
446,43.75,44.0383208998983,43.8981624036976,NA,NA,NA,NA,4,0
447,43.990002,43.7278776836676,43.789356655792,NA,NA,NA,NA,4,0
448,44.66,44.0111024651316,44.0267267496419,NA,NA,NA,NA,4,0
449,44.639999,44.6383573230008,44.6893742849702,NA,NA,NA,NA,4,0
450,44.400002,44.7869515067048,44.6695750589298,NA,NA,NA,NA,4,0
451,44.970001,44.3183622909563,44.4322029034091,NA,NA,NA,NA,4,0
452,44.790001,44.9832886395437,44.9959561603317,NA,NA,NA,NA,4,0
453,44.669998,44.8625209827336,44.8179162220561,NA,NA,NA,NA,4,0
454,44.740002,44.737709062541,44.6992279601524,NA,NA,NA,NA,4,0
455,44.73,44.6439867946804,44.7684660907448,NA,NA,NA,NA,4,0
456,45.25,44.8914265897856,44.7585720577122,NA,NA,NA,NA,4,0
457,45.119999,45.2142244722945,45.2728715274131,NA,NA,NA,NA,4,0
458,45.110001,45.2169103734109,45.1442833254861,NA,NA,NA,NA,4,0
459,45.279999,45.0751580090317,45.1343935494185,NA,NA,NA,NA,4,0
460,44.950001,45.2991617559622,45.3025270600314,NA,NA,NA,NA,4,0
461,45.259998,45.0072959799953,44.9761415876122,NA,NA,NA,NA,4,0
462,46.09,45.27101850925,45.2827460524744,NA,NA,NA,NA,4,0
463,46.240002,46.0999012301271,46.1036444312143,NA,NA,NA,NA,4,0
464,46.209999,46.3590729725655,46.251981709751,NA,NA,NA,NA,4,0
465,46.23,46.1359343634186,46.2222970654837,NA,NA,NA,NA,4,0
466,46.630001,46.2015949603078,46.2420746820587,NA,NA,NA,NA,4,0
467,46.389999,46.6728254773339,46.6376880582498,NA,NA,NA,NA,4,0
468,46.18,46.4394541586131,46.4003059024983,NA,NA,NA,NA,4,0
469,46.619999,46.1647693762847,46.1926098246976,NA,NA,NA,NA,4,0
470,46.650002,46.5920559720907,46.6277898226135,NA,NA,NA,NA,4,0
471,46.5,46.762430032664,46.6574548372204,NA,NA,NA,NA,4,0
472,46.150002,46.4926885940499,46.5090932005932,NA,NA,NA,NA,4,0
473,46.349998,46.1099724133029,46.1629330403211,NA,NA,NA,NA,4,0
474,46.080002,46.3837628523703,46.3607444923839,NA,NA,NA,NA,4,0
475,45.830002,46.1255019760319,46.0937057468385,NA,NA,NA,NA,4,0
476,45.889999,45.8634262025409,45.8464515560261,NA,NA,NA,NA,4,0
477,46.080002,45.8352650879363,45.9057981808121,NA,NA,NA,NA,4,0
478,46.220001,46.1826858906972,46.0937197290094,NA,NA,NA,NA,4,0
479,46.599998,46.2094837410946,46.2321807322211,NA,NA,NA,NA,4,0
480,46.73,46.6202575656665,46.608008426262,NA,NA,NA,NA,4,0
481,46.220001,46.7029305341498,46.7365755103085,NA,NA,NA,NA,4,0
482,45.93,46.2583772143671,46.2321603575321,NA,NA,NA,NA,4,0
483,45.700001,45.8429823996357,45.9453468067377,NA,NA,NA,NA,4,0
484,45.630001,45.7527388596123,45.7178775744861,NA,NA,NA,NA,4,0
485,45.689999,45.6719378501909,45.6486529785938,NA,NA,NA,NA,4,0
486,45.369999,45.7176653965541,45.7079980031801,NA,NA,NA,NA,4,0
487,45.330002,45.3836880373891,45.3915064422104,NA,NA,NA,NA,4,0
488,44.950001,45.3372172500322,45.351955832973,NA,NA,NA,NA,4,0
489,44.57,44.948733818414,44.976123996334,NA,NA,NA,NA,4,0
490,44.759998,44.6225082674651,44.6002987185311,NA,NA,NA,NA,4,0
491,45.380001,44.7221753932469,44.7882265516667,NA,NA,NA,NA,4,0
492,45.77,45.4772207687646,45.4014341884545,NA,NA,NA,NA,4,0
493,45.720001,45.7849290194452,45.7871457380057,NA,NA,NA,NA,4,0
494,46.060001,45.7152066158963,45.7376825614389,NA,NA,NA,NA,4,0
495,46.02,45.9760299470396,46.0739525113179,NA,NA,NA,NA,4,0
496,46.240002,46.0685602968947,46.034380607378,NA,NA,NA,NA,4,0
497,45.830002,46.2377670684179,46.2519684395992,NA,NA,NA,NA,4,0
498,45.990002,45.8121033731574,45.8464560595111,NA,NA,NA,NA,4,0
499,46.32,46.0088912668775,46.0047087714768,NA,NA,NA,NA,4,0
500,45.93,46.3054701976476,46.3310874726686,NA,NA,NA,NA,4,0
501,45.959999,46.0408190220779,45.9453543273244,NA,NA,NA,NA,4,0
502,46.639999,45.8609126945114,45.9750304025199,NA,NA,NA,NA,4,0
503,46.580002,46.681065270491,46.6475774018473,NA,NA,NA,NA,4,0
504,46.07,46.6503829913549,46.5882230799157,NA,NA,NA,NA,4,0
505,45.68,46.0539759360475,46.0838078039294,NA,NA,NA,NA,4,0
506,45.849998,45.5744573441431,45.6980921383187,NA,NA,NA,NA,4,0
507,46.009998,45.9461645080341,45.8662379682534,NA,NA,NA,NA,4,0
508,46.189999,46.0480652717544,46.0244842142103,NA,NA,NA,NA,4,0
509,46.23,46.2381967625112,46.2025092117319,NA,NA,NA,NA,4,0
510,46.509998,46.1693545486828,46.2420669983372,NA,NA,NA,NA,4,0
511,45.869999,46.5582936724103,46.5189933515955,NA,NA,NA,NA,4,0
512,45.849998,45.8382703786824,45.8860022550838,NA,NA,NA,NA,4,0
513,45.880001,45.8700639647311,45.8662321620622,NA,NA,NA,NA,4,0
514,46.48,45.82188342456,45.8959100513178,NA,NA,NA,NA,4,0
515,46.389999,46.6410285751172,46.4893331821046,NA,NA,NA,NA,4,0
516,45.68,46.3005118195365,46.400305902267,NA,NA,NA,NA,4,0
517,44.639999,45.7598790445714,45.6980874447994,NA,NA,NA,NA,4,0
518,44.68,44.4724635405212,44.6695009224749,NA,NA,NA,NA,4,0
519,44.91,44.8177946677688,44.7090912291121,NA,NA,NA,NA,4,0
520,45.490002,44.9083482697256,44.9365789710409,NA,NA,NA,NA,4,0
521,45.860001,45.6756623788624,45.5102228740393,NA,NA,NA,NA,4,0
522,45.610001,45.7121723591414,45.8761543252448,NA,NA,NA,NA,4,0
523,46.330002,45.7282268197819,45.6288831423324,NA,NA,NA,NA,4,0
524,45.970001,46.1544988806564,46.3409935573899,NA,NA,NA,NA,4,0
525,46.360001,46.1118620772738,45.9849224316514,NA,NA,NA,NA,4,0
526,46.73,46.2810899389698,46.3706500759706,NA,NA,NA,NA,4,0
527,46.509998,46.7253544904844,46.7365845413889,NA,NA,NA,NA,4,0
528,45.919998,46.5798572913114,46.5189825533197,NA,NA,NA,NA,4,0
529,46.459999,45.8506981509844,45.9354502196648,NA,NA,NA,NA,4,0
530,47.630001,46.4410355104375,46.469544481568,NA,NA,NA,NA,4,0
531,47.880001,47.7073277864612,47.6267131791128,NA,NA,NA,NA,4,0
532,47.740002,47.9842769989852,47.8739441824201,NA,NA,NA,NA,4,0
533,48,47.6017147696192,47.7354643452711,NA,NA,NA,NA,4,0
534,48.689999,47.9336605315609,47.9926087251816,NA,NA,NA,NA,4,0
535,49.110001,48.7394944455247,48.6750356763445,NA,NA,NA,NA,4,0
536,49.369999,49.1551262595499,49.0904144426755,NA,NA,NA,NA,4,0
537,49.330002,49.309980294859,49.347545543931,NA,NA,NA,NA,4,0
538,49.68,49.2854320192547,49.3079738059278,NA,NA,NA,NA,4,0
539,49.869999,49.6704647113357,49.6541300324252,NA,NA,NA,NA,4,0
540,49.860001,49.8676020883553,49.8420350108944,NA,NA,NA,NA,4,0
541,49.759998,49.8759466083312,49.8321372632206,NA,NA,NA,NA,4,0
542,49.740002,49.6923366840764,49.7332261112759,NA,NA,NA,NA,4,0
543,50.169998,49.7554286740087,49.7134487114394,NA,NA,NA,NA,4,0
544,50.509998,50.1509603526876,50.1387305290626,NA,NA,NA,NA,4,0
545,49.380001,50.5432766159641,50.4749929968532,NA,NA,NA,NA,4,0
546,48.73,49.3508311232109,49.35737056139,NA,NA,NA,NA,4,0
547,49.02,48.6358102471999,48.7145148843453,NA,NA,NA,NA,4,0
548,48.869999,48.9813002201579,49.0013561334013,NA,NA,NA,NA,4,0
549,49.369999,49.0562563865927,48.8529998195553,NA,NA,NA,NA,4,0
550,49.709999,49.2862009777766,49.3475237376039,NA,NA,NA,NA,4,0
551,48.98,49.6849457048625,49.6837876158449,NA,NA,NA,NA,4,0
552,50.400002,48.9922738477289,48.9617801585363,NA,NA,NA,NA,4,0
553,49.689999,50.2745455877916,50.3662296971838,NA,NA,NA,NA,4,0
554,49.580002,49.7245319001493,49.6639809573757,NA,NA,NA,NA,4,0
555,49.380001,49.612791827052,49.5551965914251,NA,NA,NA,NA,4,0
556,49.09,49.0939668193112,49.3573911755511,NA,NA,NA,NA,4,0
557,49.240002,49.3502410354267,49.070574240435,NA,NA,NA,NA,4,0
558,49.540001,49.0200862842382,49.218940180341,NA,NA,NA,NA,4,0
559,49.220001,49.6988108267763,49.5156502906468,NA,NA,NA,NA,4,0
560,49.470001,49.0708854828618,49.1991515075421,NA,NA,NA,NA,4,0
561,49.34,49.5433851502051,49.4464163871155,NA,NA,NA,NA,4,0
562,48.330002,49.1674694950697,49.3178362181604,NA,NA,NA,NA,4,0
563,48.32,48.4906714480282,48.3189108650441,NA,NA,NA,NA,4,0
564,47.900002,48.0612980553313,48.3090415210394,NA,NA,NA,NA,4,0
565,47.540001,48.0735767262441,47.8936550824205,NA,NA,NA,NA,4,0
566,47.57,47.4815849517292,47.5376134006601,NA,NA,NA,NA,4,0
567,45.959999,47.5750127984792,47.5672969739071,NA,NA,NA,NA,4,0
568,46.939999,45.9359131297402,45.974948737809,NA,NA,NA,NA,4,0
569,47.529999,46.9325377534114,46.9442457084139,NA,NA,NA,NA,4,0
570,47.200001,47.4903515496761,47.5277704464528,NA,NA,NA,NA,4,0
571,47.349998,47.4566762204068,47.2013765187815,NA,NA,NA,NA,4,0
572,46.93,46.9495123090263,47.3497333625077,NA,NA,NA,NA,4,0
573,46.639999,47.0991164217508,46.9343370300992,NA,NA,NA,NA,4,0
574,47.57,46.5158759582618,46.6475239421652,NA,NA,NA,NA,4,0
575,46.950001,47.6329784904888,47.5673405417979,NA,NA,NA,NA,4,0
576,47.48,46.9096144376941,46.9541205808544,NA,NA,NA,NA,4,0
577,46.57,47.538327951979,47.4783192765818,NA,NA,NA,NA,4,0
578,47.07,46.3582015453327,46.5782848495977,NA,NA,NA,NA,4,0
579,47.34,47.2843998444018,47.0728219361134,NA,NA,NA,NA,4,0
580,47.150002,47.0842957636513,47.3398567539349,NA,NA,NA,NA,4,0
581,47.57,47.484668564135,47.1519343906048,NA,NA,NA,NA,4,0
582,46.919998,47.1881585902087,47.567330733757,NA,NA,NA,NA,4,0
583,47.060001,47.1954352661833,46.9244446726687,NA,NA,NA,NA,4,0
584,47.610001,46.8140642876382,47.0629247219582,NA,NA,NA,NA,4,0
585,47.720001,47.7658600994829,47.606896249844,NA,NA,NA,NA,4,0
586,48.27,47.6525287333675,47.7156787218019,NA,NA,NA,NA,4,0
587,47.689999,48.3341068765602,48.2596428615099,NA,NA,NA,NA,4,0
588,47.369999,47.5302454511467,47.6859846059816,NA,NA,NA,NA,4,0
589,47.169998,47.4742256799088,47.3694998103533,NA,NA,NA,NA,4,0
590,47.400002,46.9779409286207,47.1716996989383,NA,NA,NA,NA,4,0
591,47.860001,47.6252336531809,47.3991897559123,NA,NA,NA,NA,4,0
592,48.130001,47.7114024005022,47.854144112184,NA,NA,NA,NA,4,0
593,48.700001,48.2891675552157,48.1211739474072,NA,NA,NA,NA,4,0
594,49.25,48.5120361296112,48.6849165340917,NA,NA,NA,NA,4,0
595,49.259998,49.3595111259217,49.2288704126797,NA,NA,NA,NA,4,0
596,49.259998,49.1269000387397,49.2387403677731,NA,NA,NA,NA,4,0
597,49.419998,49.2928104173882,49.2387328182235,NA,NA,NA,NA,4,0
598,49.5,49.2760051207987,49.3969748883109,NA,NA,NA,NA,4,0
599,49.610001,49.6223337342915,49.4760937607551,NA,NA,NA,NA,4,0
600,49.66,49.4943211497557,49.5848842191428,NA,NA,NA,NA,4,0
601,49.790001,49.7189379315889,49.6343301992508,NA,NA,NA,NA,4,0
602,45.59,49.6992275271596,49.7629026327591,NA,NA,NA,NA,4,0
603,45.240002,45.6668413934705,45.608934451905,NA,NA,NA,NA,4,0
604,44.830002,45.0014131860296,45.26286474022,NA,NA,NA,NA,4,0
605,45.099998,44.9320783041199,44.8573962999673,NA,NA,NA,NA,4,0
606,45.860001,45.603630331511,45.1244588374384,NA,NA,NA,NA,4,0
607,45.279999,45.5019018405636,45.8761377233041,NA,NA,NA,NA,4,0
608,44.939999,45.5439329312771,45.3024819125723,NA,NA,NA,NA,4,0
609,44.689999,44.6572491280285,44.966220268273,NA,NA,NA,NA,4,0
610,44.939999,44.8082316013721,44.7189727889285,NA,NA,NA,NA,4,0
611,45.34,44.8448201671357,44.9662433664511,NA,NA,NA,NA,4,0
612,45.380001,45.4846035522478,45.3618592936302,NA,NA,NA,NA,4,0
613,45.650002,45.2622233034717,45.4014141859617,NA,NA,NA,NA,4,0
614,45.599998,45.7061111451078,45.6684530759123,NA,NA,NA,NA,4,0
615,45.450001,45.4851906239338,45.6189905165856,NA,NA,NA,NA,4,0
616,45.279999,45.5531841507834,45.4706367603763,NA,NA,NA,NA,4,0
617,44.84,45.1447951749284,45.3025011117582,NA,NA,NA,NA,4,0
618,46.18,44.9612325747973,44.8673298434292,NA,NA,NA,NA,4,0
619,46.049999,46.0842765644481,46.1926532714532,NA,NA,NA,NA,4,0
620,46.220001,46.2160059212097,46.0640514759088,NA,NA,NA,NA,4,0
621,45.700001,46.1592855208571,46.2321853209514,NA,NA,NA,NA,4,0
622,45.299999,45.5784418566111,45.7178789401173,NA,NA,NA,NA,4,0
623,45.41,45.4004515510488,45.3222705042556,NA,NA,NA,NA,4,0
624,45.560001,45.3390133055009,45.4310770742658,NA,NA,NA,NA,4,0
625,45.529999,45.7025997401524,45.5794353264982,NA,NA,NA,NA,4,0
626,45.509998,45.4888702819869,45.5497599861954,NA,NA,NA,NA,4,0
627,45.93,45.553591203134,45.529978566368,NA,NA,NA,NA,4,0
628,46.029999,45.8757179254237,45.945377445987,NA,NA,NA,NA,4,0
629,46.639999,46.126781805312,46.0442712483581,NA,NA,NA,NA,4,0
630,46.610001,46.5856216495373,46.6475797196295,NA,NA,NA,NA,4,0
631,46.580002,46.6319513654737,46.6178947848276,NA,NA,NA,NA,4,0
632,46.860001,46.5643716177812,46.5882196640756,NA,NA,NA,NA,4,0
633,46.720001,46.8133331450808,46.8651474815647,NA,NA,NA,NA,4,0
634,46.57,46.7848049874485,46.7266743577232,NA,NA,NA,NA,4,0
635,46.18,46.551547507482,46.578317634995,NA,NA,NA,NA,4,0
636,46.48,46.165745818223,46.1925952071841,NA,NA,NA,NA,4,0
637,46.470001,46.5097250594855,46.4893160080602,NA,NA,NA,NA,4,0
638,46.549999,46.5058518978622,46.4794227985922,NA,NA,NA,NA,4,0
639,46.669998,46.5960015473998,46.5585432561404,NA,NA,NA,NA,4,0
640,46.639999,46.6010875346521,46.6772248159179,NA,NA,NA,NA,4,0
641,46.709999,46.7134585313301,46.6475511882282,NA,NA,NA,NA,4,0
642,46.740002,46.6600393162535,46.7167832617895,NA,NA,NA,NA,4,0
643,47,46.7791611304288,46.7464553322632,NA,NA,NA,NA,4,0
644,46.950001,46.9764590989609,47.0036018690517,NA,NA,NA,NA,4,0
645,47.279999,46.9880463122426,46.9541443686334,NA,NA,NA,NA,4,0
646,47.48,47.2485532257524,47.2805238890497,NA,NA,NA,NA,4,0
647,47.400002,47.4893978391138,47.4783243135291,NA,NA,NA,NA,4,0
648,48.209999,47.4169453577083,47.3991956623473,NA,NA,NA,NA,4,0
649,47.98,48.1578535178728,48.2003126621115,NA,NA,NA,NA,4,0
650,47.84,48.0206262386249,47.9728154166212,NA,NA,NA,NA,4,0
651,48.259998,47.8326069817353,47.8343483011486,NA,NA,NA,NA,4,0
652,48.419998,48.1448159494169,48.2497437762562,NA,NA,NA,NA,4,0
653,49.060001,48.5542837009151,48.4079801585096,NA,NA,NA,NA,4,0
654,48.59,49.0004476563336,49.0409606212705,NA,NA,NA,NA,4,0
655,48.389999,48.5965509684151,48.5760938979169,NA,NA,NA,NA,4,0
656,48.720001,48.3355453785212,48.3782890487128,NA,NA,NA,NA,4,0
657,48.470001,48.67389438143,48.704678072876,NA,NA,NA,NA,4,0
658,48,48.5785431959968,48.4574118482302,NA,NA,NA,NA,4,0
659,47.849998,47.943413306738,47.9925659437575,NA,NA,NA,NA,4,0
660,47.400002,47.8077320094523,47.844219203299,NA,NA,NA,NA,4,0
661,48.189999,47.4459269222016,47.3991625908928,NA,NA,NA,NA,4,0
662,48.049999,48.2113892295055,48.1805129106629,NA,NA,NA,NA,4,0
663,48.689999,48.0532373059458,48.0420344918726,NA,NA,NA,NA,4,0
664,49.18,48.7270369885594,48.6750189694936,NA,NA,NA,NA,4,0
665,49.580002,49.0348985833232,49.1596341747572,NA,NA,NA,NA,4,0
666,49.200001,49.7131744898196,49.5552356712961,NA,NA,NA,NA,4,0
667,48.849998,49.0061406147886,49.1793849254159,NA,NA,NA,NA,4,0
668,48.599998,48.9032057748452,48.8332207107645,NA,NA,NA,NA,4,0
669,49.650002,48.4527069004531,48.5859681805998,NA,NA,NA,NA,4,0
670,49.849998,49.8108818336471,49.624470010356,NA,NA,NA,NA,4,0
671,49.610001,49.7695640877807,49.8222525953351,NA,NA,NA,NA,4,0
672,49.099998,49.7099734053922,49.5848750724563,NA,NA,NA,NA,4,0
673,48.610001,48.8147810392382,49.0804629684206,NA,NA,NA,NA,4,0
674,49.25,48.7793231557579,48.5958474597875,NA,NA,NA,NA,4,0
675,49.130001,49.1051407921573,49.2288450340574,NA,NA,NA,NA,4,0
676,49.98,49.3234969618418,49.1101517662282,NA,NA,NA,NA,4,0
677,50,49.8325743159786,49.9508338649238,NA,NA,NA,NA,4,0
678,50.779999,50.0303107863552,49.9705954180142,NA,NA,NA,NA,4,0
679,51.400002,50.724011039332,50.7420376871279,NA,NA,NA,NA,4,0
680,51.490002,51.3329457044535,51.3552237444022,NA,NA,NA,NA,4,0
681,51.380001,51.5105248596563,51.4442155297515,NA,NA,NA,NA,4,0
682,51.330002,51.2299265791848,51.335409478568,NA,NA,NA,NA,4,0
683,51.639999,51.3083833257029,51.2859553977956,NA,NA,NA,NA,4,0
684,51.130001,51.6015048903685,51.5925528132072,NA,NA,NA,NA,4,0
685,51.310001,51.1604905359669,51.0881364528444,NA,NA,NA,NA,4,0
686,50.869999,51.2200337331891,51.2661711604689,NA,NA,NA,NA,4,0
687,50.639999,50.848945079677,50.8309896513568,NA,NA,NA,NA,4,0
688,51.119999,50.6706065750371,50.60351956121,NA,NA,NA,NA,4,0
689,51.66,51.0105860594604,51.0782657537916,NA,NA,NA,NA,4,0
690,51.549999,51.7511039242686,51.6123395398692,NA,NA,NA,NA,4,0
691,51.919998,51.4769530958688,51.5035299207338,NA,NA,NA,NA,4,0
692,51.759998,51.8422465527851,51.8694706300705,NA,NA,NA,NA,4,0
693,51.119999,51.6699881739593,51.711214334833,NA,NA,NA,NA,4,0
694,51.080002,51.1600547663255,51.078230206352,NA,NA,NA,NA,4,0
695,50.919998,50.9007998494688,51.0386849059557,NA,NA,NA,NA,4,0
696,51.599998,50.9992957419508,50.8804394885361,NA,NA,NA,NA,4,0
697,51.98,51.552406807368,51.5529912606832,NA,NA,NA,NA,4,0
698,52.099998,51.9778046630036,51.9288148084643,NA,NA,NA,NA,4,0
699,52.110001,52.0435113090321,52.0474850248947,NA,NA,NA,NA,4,0
700,52,51.9953280742193,52.0573710372096,NA,NA,NA,NA,4,0
701,51.59,51.9529028674159,51.9485722224105,NA,NA,NA,NA,4,0
702,51.82,51.5382474829245,51.5430667927262,NA,NA,NA,NA,4,0
703,52.040001,51.765539912082,51.7705543270469,NA,NA,NA,NA,4,0
704,52.119999,52.0135951487109,51.9881411216029,NA,NA,NA,NA,4,0
705,52.130001,52.1311969646206,52.0672566054016,NA,NA,NA,NA,4,0
706,52.139999,52.0069154546977,52.0771451784592,NA,NA,NA,NA,4,0
707,52.18,52.1138142872163,52.0870316975977,NA,NA,NA,NA,4,0
708,52.029999,52.107652148687,52.1265929446019,NA,NA,NA,NA,4,0
709,51.389999,52.009683153107,51.97823447452,NA,NA,NA,NA,4,0
710,51.220001,51.3051514313815,51.3452522463164,NA,NA,NA,NA,4,0
711,54.330002,51.1725265525317,51.1771325305482,NA,NA,NA,NA,4,0
712,53.779999,54.2718032309597,54.2530523640156,NA,NA,NA,NA,4,0
713,53.07,53.9389921660731,53.7090120176897,NA,NA,NA,NA,4,0
714,54.169998,52.8866627363358,53.0067868645235,NA,NA,NA,NA,4,0
715,53.990002,53.7065500949072,54.0947372148072,NA,NA,NA,NA,4,0
716,53.720001,54.3702154116223,53.9166908776642,NA,NA,NA,NA,4,0
717,52.630001,53.5026599355914,53.6496452695142,NA,NA,NA,NA,4,0
718,52.029999,52.5088095130066,52.5715961082322,NA,NA,NA,NA,4,0
719,52.330002,51.9597513756868,51.9781951931639,NA,NA,NA,NA,4,0
720,51.650002,52.3698349517292,52.2749306357272,NA,NA,NA,NA,4,0
721,52.27,51.6704791602478,51.6023853977335,NA,NA,NA,NA,4,0
722,53.18,52.2032310432517,52.2156043645964,NA,NA,NA,NA,4,0
723,53.689999,53.0778576310249,53.1156218982748,NA,NA,NA,NA,4,0
724,53.419998,53.8027796890946,53.6200089764447,NA,NA,NA,NA,4,0
725,53.200001,53.163934102289,53.3529492023532,NA,NA,NA,NA,4,0
726,53.5,53.1354208423784,53.1353626787901,NA,NA,NA,NA,4,0
727,52.990002,53.3499877097648,53.4320764831443,NA,NA,NA,NA,4,0
728,53.869999,53.0803858151306,52.9276623464249,NA,NA,NA,NA,4,0
729,54.41,53.6848733377158,53.7980224435499,NA,NA,NA,NA,4,0
730,54.689999,54.4178936968257,54.3320870018553,NA,NA,NA,NA,4,0
731,53.880001,54.6648723606584,54.6089991945662,NA,NA,NA,NA,4,0
732,54.099998,53.6960739862646,53.8078668414573,NA,NA,NA,NA,4,0
733,54.490002,54.0026454633243,54.0254648087101,NA,NA,NA,NA,4,0
734,53.740002,54.4254730970848,54.4111915543931,NA,NA,NA,NA,4,0
735,54.540001,53.8289825611662,53.6694029507845,NA,NA,NA,NA,4,0
736,54.720001,54.2824963532883,54.4606461760249,NA,NA,NA,NA,4,0
737,55.110001,54.7501065370136,54.6386588072116,NA,NA,NA,NA,4,0
738,55.049999,55.095669617265,55.024375401622,NA,NA,NA,NA,4,0
739,55.040001,54.8557521430952,54.965018817391,NA,NA,NA,NA,4,0
740,55.299999,55.0073433802695,54.9551268481759,NA,NA,NA,NA,4,0
741,55.77,55.1581781815189,55.2122728234861,NA,NA,NA,NA,4,0
742,55.119999,55.7786310237603,55.6771146345171,NA,NA,NA,NA,4,0
743,55.23,54.9926924613183,55.0342249483296,NA,NA,NA,NA,4,0
744,54.52,55.1457002807648,55.1430294695666,NA,NA,NA,NA,4,0
745,54.400002,54.3743805043447,54.4408113986479,NA,NA,NA,NA,4,0
746,54.77,54.468948527873,54.3221442615538,NA,NA,NA,NA,4,0
747,55.110001,54.5479919991703,54.6880941220958,NA,NA,NA,NA,4,0
748,54.259998,55.2522802116886,55.0243630637878,NA,NA,NA,NA,4,0
749,53.959999,54.0360578066604,54.1836685294472,NA,NA,NA,NA,4,0
750,54.240002,53.9223570541779,53.8869740793839,NA,NA,NA,NA,4,0
751,54.23,54.032290915841,54.1639194396217,NA,NA,NA,NA,4,0
752,54.52,54.4125786371663,54.1540252614978,NA,NA,NA,NA,4,0
753,53.91,54.261266726942,54.4408469815036,NA,NA,NA,NA,4,0
754,54.139999,53.928945952502,53.8375273981615,NA,NA,NA,NA,4,0
755,54.299999,53.9423112853977,54.0650172136757,NA,NA,NA,NA,4,0
756,54.169998,54.3013284026469,54.2232619844652,NA,NA,NA,NA,4,0
757,54.389999,54.0992933019584,54.0946825114128,NA,NA,NA,NA,4,0
758,54.310001,54.27442887741,54.3122739755452,NA,NA,NA,NA,4,0
759,54.439999,54.2170907683907,54.2331485229229,NA,NA,NA,NA,4,0
760,54.650002,54.399448992481,54.3617220411505,NA,NA,NA,NA,4,0
761,53.080002,54.5108191062188,54.5694201932418,NA,NA,NA,NA,4,0
762,53.84,53.0665059757301,53.0166238064027,NA,NA,NA,NA,4,0
763,54.540001,53.6362041330466,53.7683243239509,NA,NA,NA,NA,4,0
764,53.869999,54.5378374401052,54.4606458547189,NA,NA,NA,NA,4,0
765,53.580002,53.9959047660364,53.797971755305,NA,NA,NA,NA,4,0
766,53.830002,53.2210554853995,53.511163541334,NA,NA,NA,NA,4,0
767,53.66,53.8133460655989,53.7584323709077,NA,NA,NA,NA,4,0
768,53.299999,53.6583979285752,53.5902915500784,NA,NA,NA,NA,4,0
769,53.299999,53.237917394427,53.2342403434262,NA,NA,NA,NA,4,0
770,53.509998,53.1117455128729,53.2342498187583,NA,NA,NA,NA,4,0
771,53.490002,53.5444149697536,53.44195040529,NA,NA,NA,NA,4,0
772,53.790001,53.4020987535098,53.4221707296173,NA,NA,NA,NA,4,0
773,54.779999,53.7197819258664,53.7188813966967,NA,NA,NA,NA,4,0
774,54.23,54.651963109114,54.6980211433572,NA,NA,NA,NA,4,0
775,53.849998,54.2501073110806,54.1540266864365,NA,NA,NA,NA,4,0
776,54.639999,53.6479855022901,53.7781941420999,NA,NA,NA,NA,4,0
777,54.610001,54.4920549646228,54.5595441557539,NA,NA,NA,NA,4,0
778,53.75,54.6966830700711,54.5298596700095,NA,NA,NA,NA,4,0
779,53.57,53.6427188540542,53.679281284465,NA,NA,NA,NA,4,0
780,53.41,53.3533729258295,53.5012714476915,NA,NA,NA,NA,4,0
781,53.939999,53.4268613597457,53.3430343418625,NA,NA,NA,NA,4,0
782,54.43,53.9485647873372,53.8672310130665,NA,NA,NA,NA,4,0
783,53.900002,54.3275578648256,54.3518521343909,NA,NA,NA,NA,4,0
784,53.139999,53.8658024034534,53.8276504654823,NA,NA,NA,NA,4,0
785,52.419998,52.9543262629408,53.0759855582563,NA,NA,NA,NA,4,0
786,52.799999,52.3400919342413,52.3638955194449,NA,NA,NA,NA,4,0
787,52.290001,52.7773491496934,52.7397536188425,NA,NA,NA,NA,4,0
788,52.209999,52.3083445566651,52.2353458007774,NA,NA,NA,NA,4,0
789,51.84,52.1400157651603,52.1562338260283,NA,NA,NA,NA,4,0
790,51.709999,51.6906927422288,51.7902974609268,NA,NA,NA,NA,4,0
791,52.41,51.7602729685617,51.6617332541775,NA,NA,NA,NA,4,0
792,52.630001,52.2561227164651,52.3540691571019,NA,NA,NA,NA,4,0
793,52.669998,52.691099666936,52.5716468164374,NA,NA,NA,NA,4,0
794,53.029999,52.5159226396139,52.6111977154913,NA,NA,NA,NA,4,0
795,53.080002,52.9327582192542,52.9672492343318,NA,NA,NA,NA,4,0
796,53.220001,53.0002722714723,53.0166947137182,NA,NA,NA,NA,4,0
797,52.959999,53.1849320820276,53.1551547155203,NA,NA,NA,NA,4,0
798,53.029999,52.8144047872971,52.8979975485322,NA,NA,NA,NA,4,0
799,53.220001,53.011104760138,52.9672339277527,NA,NA,NA,NA,4,0
800,53.900002,53.1046859792301,53.1551523988732,NA,NA,NA,NA,4,0
801,53.950001,53.9281284541123,53.8276950864643,NA,NA,NA,NA,4,0
802,53.400002,53.8224314396719,53.8771291866577,NA,NA,NA,NA,4,0
803,53.75,53.3745878122684,53.3331519469172,NA,NA,NA,NA,4,0
804,53.799999,53.5316530114981,53.6793224626087,NA,NA,NA,NA,4,0
805,54.290001,53.8723885339294,53.7287676313628,NA,NA,NA,NA,4,0
806,54.189999,54.2076537720727,54.2133955324477,NA,NA,NA,NA,4,0
807,54.419998,54.1114241736796,54.1144773227276,NA,NA,NA,NA,4,0
808,54.07,54.3361440760592,54.3419530019065,NA,NA,NA,NA,4,0
809,53.77,53.9775039093517,53.9957846701839,NA,NA,NA,NA,4,0
810,53.950001,53.7335220779659,53.6990781007127,NA,NA,NA,NA,4,0
811,54.139999,53.8154316689923,53.8771137070138,NA,NA,NA,NA,4,0
812,54.419998,54.1803349184744,54.0650274259668,NA,NA,NA,NA,4,0
813,54.419998,54.3213954431981,54.3419527237824,NA,NA,NA,NA,4,0
814,54.419998,54.360824975377,54.3419449301573,NA,NA,NA,NA,4,0
815,53.91,54.3061053544374,54.3419420829735,NA,NA,NA,NA,4,0
816,54.32,53.8514138591499,53.8375328413993,NA,NA,NA,NA,4,0
817,54.970001,54.2209638557276,54.2430491684298,NA,NA,NA,NA,4,0
818,54.91,54.9314603450593,54.8859192001128,NA,NA,NA,NA,4,0
819,54.709999,54.9121482771651,54.8265596756551,NA,NA,NA,NA,4,0
820,55.02,54.5261120487423,54.628746737378,NA,NA,NA,NA,4,0
821,55.349998,54.9201906456233,54.9353518045929,NA,NA,NA,NA,4,0
822,55.27,55.3243279471577,55.2617256105164,NA,NA,NA,NA,4,0
823,55.349998,55.2220840083883,55.182594514079,NA,NA,NA,NA,4,0
824,54.990002,55.1946777112942,55.2617135360259,NA,NA,NA,NA,4,0
825,54.689999,54.9286072157699,54.90566021734,NA,NA,NA,NA,4,0
826,54.669998,54.6197624546879,54.6089520226266,NA,NA,NA,NA,4,0
827,54.25,54.5734263969584,54.5891785299307,NA,NA,NA,NA,4,0
828,54.349998,54.2322910951268,54.1737874505563,NA,NA,NA,NA,4,0
829,55.34,54.2618297191231,54.2727001581045,NA,NA,NA,NA,4,0
830,55.529999,55.266554459786,55.2518520067653,NA,NA,NA,NA,4,0
831,56.130001,55.53808628158,55.4397474062698,NA,NA,NA,NA,4,0
832,56,55.9871322837875,56.0331618177276,NA,NA,NA,NA,4,0
833,56.700001,55.8348916488068,55.9045678974049,NA,NA,NA,NA,4,0
834,56.82,56.6567767136597,56.5968919790032,NA,NA,NA,NA,4,0
835,56.939999,56.6636292278581,56.7155571751533,NA,NA,NA,NA,4,0
836,57.169998,56.9434106798874,56.8342310897885,NA,NA,NA,NA,4,0
837,57.610001,56.9182385150497,57.0617015216066,NA,NA,NA,NA,4,0
838,57.830002,57.657698188425,57.4968725022166,NA,NA,NA,NA,4,0
839,57.68,57.6446620974739,57.7144479680467,NA,NA,NA,NA,4,0
840,57.48,57.6679453532305,57.5660794269477,NA,NA,NA,NA,4,0
841,57.009998,57.2513388616723,57.3682700210218,NA,NA,NA,NA,4,0
842,57.009998,57.0171049074687,56.9034223651936,NA,NA,NA,NA,4,0
843,58.860001,56.847546439869,56.9034327701148,NA,NA,NA,NA,4,0
844,58.400002,58.8566597638439,58.7331601609548,NA,NA,NA,NA,4,0
845,58.580002,58.3553784404913,58.2781630343255,NA,NA,NA,NA,4,0
846,58.84,58.4595924597196,58.4561870976541,NA,NA,NA,NA,4,0
847,58.849998,58.4695639205767,58.713327948236,NA,NA,NA,NA,4,0
848,58.990002,59.0571993512435,58.723206904689,NA,NA,NA,NA,4,0
849,59.189999,58.6534687426124,58.8616717863811,NA,NA,NA,NA,4,0
850,59.75,59.23016096993,59.0594707153549,NA,NA,NA,NA,4,0
851,59.59,59.5089466942381,59.613325963247,NA,NA,NA,NA,4,0
852,59.41,59.6398442604207,59.4550638495745,NA,NA,NA,NA,4,0
853,59.610001,59.1259203817597,59.2770342235411,NA,NA,NA,NA,4,0
854,59.950001,59.5668985049303,59.4748446052523,NA,NA,NA,NA,4,0
855,59.529999,59.8049129335409,59.811112815419,NA,NA,NA,NA,4,0
856,59.77,59.5150850926283,59.3957048010398,NA,NA,NA,NA,4,0
857,59.720001,59.51618235063,59.6330805444495,NA,NA,NA,NA,4,0
858,60.130001,59.674389071623,59.5836250266317,NA,NA,NA,NA,4,0
859,58.650002,60.0216191097624,59.9891301813615,NA,NA,NA,NA,4,0
860,57.82,58.5247484252349,58.5253440179926,NA,NA,NA,NA,4,0
861,57.599998,57.6498984626876,57.7044694496559,NA,NA,NA,NA,4,0
862,54.93,57.4280184557563,57.486906450513,NA,NA,NA,NA,4,0
863,53.490002,55.0725896684116,54.8461903440729,NA,NA,NA,NA,4,0
864,55.919998,53.2058728333761,53.4220433734797,NA,NA,NA,NA,4,0
865,56.060001,55.8495424015902,55.825459260203,NA,NA,NA,NA,4,0
866,58.919998,56.3499626340864,55.9638960890588,NA,NA,NA,NA,4,0
867,56.740002,58.7344328761894,58.7925353404251,NA,NA,NA,NA,4,0
868,55.259998,56.3461279724605,56.6363692244472,NA,NA,NA,NA,4,0
869,51.860001,55.2758227880861,55.1726157105926,NA,NA,NA,NA,4,0
870,53.66,51.2244351953173,51.8099265002836,NA,NA,NA,NA,4,0
871,52.209999,54.135723671558,53.5902844938065,NA,NA,NA,NA,4,0
872,47.16,51.8883364161693,52.1561688139993,NA,NA,NA,NA,4,0
873,48.470001,47.7226368708659,47.1615601863684,NA,NA,NA,NA,4,0
874,45.259998,47.2983084612923,48.4573291040265,NA,NA,NA,NA,4,0
875,47.18,46.2595535786341,45.282528149763,NA,NA,NA,NA,4,0
876,44.849998,46.8703908664913,47.1815704431235,NA,NA,NA,NA,4,0
877,41.830002,44.8191654054755,44.8770991501174,NA,NA,NA,NA,4,0
878,38.299999,41.9276773020094,41.8902634755262,NA,NA,NA,NA,4,0
879,37.560001,37.8162628302311,38.3990444575325,NA,NA,NA,NA,4,0
880,39.450001,37.9404821898833,37.6672725053726,NA,NA,NA,NA,4,0
881,41.610001,39.4229648571864,39.5366182258542,NA,NA,NA,NA,4,0
882,44.290001,42.0893223802304,41.6729308471759,NA,NA,NA,NA,4,0
883,42.810001,43.9078468792258,44.3235118054451,NA,NA,NA,NA,4,0
884,45,42.8637594390887,42.8596654419209,NA,NA,NA,NA,4,0
885,44.25,44.5181673300137,45.0256706774114,NA,NA,NA,NA,4,0
886,42.119999,44.3108716164634,44.2838442700908,NA,NA,NA,NA,4,0
887,43.950001,42.2492370427475,42.1771925048459,NA,NA,NA,NA,4,0
888,43.830002,43.460580467631,43.9871814218082,NA,NA,NA,NA,4,0
889,46.669998,44.3095275767117,43.8684714829853,NA,NA,NA,NA,4,0
890,46.509998,46.6798588120804,46.6773337400216,NA,NA,NA,NA,4,0
891,47.82,46.3645640754667,46.5190225772104,NA,NA,NA,NA,4,0
892,49,47.9168464623602,47.814647372037,NA,NA,NA,NA,4,0
893,46.93,48.6523450442741,48.9816744188105,NA,NA,NA,NA,4,0
894,48.919998,47.3324244934041,46.9343229251505,NA,NA,NA,NA,4,0
895,47.610001,48.3919932060567,48.9025373342379,NA,NA,NA,NA,4,0
896,47.099998,47.9564587206426,47.6068609313937,NA,NA,NA,NA,4,0
897,48.060001,47.1411363055996,47.1024644552005,NA,NA,NA,NA,4,0
898,46.529999,47.8044478642056,48.0519587033571,NA,NA,NA,NA,4,0
899,45.380001,46.9168640580311,46.538710279627,NA,NA,NA,NA,4,0
900,45.68,45.2212844860928,45.4013467139724,NA,NA,NA,NA,4,0
901,45.07,45.631462325123,45.6980916770118,NA,NA,NA,NA,4,0
902,45.43,45.3266876433824,45.0947837757058,NA,NA,NA,NA,4,0
903,46.779999,45.4688227310348,45.4508554939049,NA,NA,NA,NA,4,0
904,46.740002,46.6857361568069,46.7860558408333,NA,NA,NA,NA,4,0
905,47.119999,46.9481107021221,46.7464684576541,NA,NA,NA,NA,4,0
906,45.889999,46.9647478480629,47.1222924727172,NA,NA,NA,NA,4,0
907,45.599998,45.8358426858692,45.9057629090649,NA,NA,NA,NA,4,0
908,45.139999,45.6181290102613,45.6189635996733,NA,NA,NA,NA,4,0
909,45.400002,45.1108252785763,45.1640199065593,NA,NA,NA,NA,4,0
910,44.75,45.5928390796807,45.4211883489936,NA,NA,NA,NA,4,0
911,44.599998,44.6709251027122,44.7783115473195,NA,NA,NA,NA,4,0
912,46.110001,44.729715626353,44.6299697922112,NA,NA,NA,NA,4,0
913,45.540001,45.9691378631004,46.1234304823943,NA,NA,NA,NA,4,0
914,44.82,45.8438737875681,45.5596490321105,NA,NA,NA,NA,4,0
915,43.939999,44.6198476836269,44.847544534531,NA,NA,NA,NA,4,0
916,43.700001,43.8761212395117,43.9772062187866,NA,NA,NA,NA,4,0
917,43.259998,43.81104126456,43.7398641327281,NA,NA,NA,NA,4,0
918,44.970001,43.3546328505468,43.3046987958681,NA,NA,NA,NA,4,0
919,44.540001,45.0060556553564,44.9959743814479,NA,NA,NA,NA,4,0
920,45.889999,44.6193321576735,44.5706566286575,NA,NA,NA,NA,4,0
921,45.169998,45.9336099296946,45.9058580662037,NA,NA,NA,NA,4,0
922,45.029999,44.9659806047088,45.1937187743306,NA,NA,NA,NA,4,0
923,46.09,45.2810588151491,45.0552604459816,NA,NA,NA,NA,4,0
924,46.73,45.7415114960095,46.1036459873418,NA,NA,NA,NA,4,0
925,47.09,47.1881511549419,46.7366078337413,NA,NA,NA,NA,4,0
926,46.68,46.8176223075056,47.0926398785034,NA,NA,NA,NA,4,0
927,46.990002,46.8268154013776,46.6871175107005,NA,NA,NA,NA,4,0
928,46.900002,46.7710275560954,46.9937234563329,NA,NA,NA,NA,4,0
929,47.900002,47.1434396293741,46.9047019173717,NA,NA,NA,NA,4,0
930,47.919998,47.7896170900008,47.8937390924709,NA,NA,NA,NA,4,0
931,49.09,48.0589198174148,47.9134920315859,NA,NA,NA,NA,4,0
932,49.849998,49.0155803160323,49.0706602472146,NA,NA,NA,NA,4,0
933,49,49.8692248720527,49.8222967299885,NA,NA,NA,NA,4,0
934,48.619999,49.0477002647458,48.9815872428255,NA,NA,NA,NA,4,0
935,45.540001,48.4495499333518,48.6057586985535,NA,NA,NA,NA,4,0
936,45.599998,45.577870829112,45.5595296371762,NA,NA,NA,NA,4,0
937,46.299999,45.6411439381707,45.6189394659659,NA,NA,NA,NA,4,0
938,46.77,46.3403927110097,46.3112889724765,NA,NA,NA,NA,4,0
939,46.580002,47.2213355385294,46.7761329046921,NA,NA,NA,NA,4,0
940,46.990002,46.2612460158707,46.5882078447873,NA,NA,NA,NA,4,0
941,46.02,47.1162111552505,46.9937157339317,NA,NA,NA,NA,4,0
942,45.740002,45.8806643342698,46.0343378418079,NA,NA,NA,NA,4,0
943,45.639999,45.9239131220425,45.7574282352691,NA,NA,NA,NA,4,0
944,44.650002,45.386015039838,45.6585337515712,NA,NA,NA,NA,4,0
945,44.93,45.0181515456605,44.6793957424132,NA,NA,NA,NA,4,0
946,43.57,44.6537281030753,44.9563503056824,NA,NA,NA,NA,4,0
947,44.360001,43.8361715320134,43.6112609336265,NA,NA,NA,NA,4,0
948,44.68,44.2380070240499,44.392635935518,NA,NA,NA,NA,4,0
949,44.82,44.8084027065399,44.7091218273767,NA,NA,NA,NA,4,0
950,44.880001,44.9168120026349,44.8475807983916,NA,NA,NA,NA,4,0
951,45.23,44.7471820149112,44.9069198846698,NA,NA,NA,NA,4,0
952,45.209999,45.2814395176496,45.2530800590518,NA,NA,NA,NA,4,0
953,45.07,45.210317032819,45.23328981363,NA,NA,NA,NA,4,0
954,43.91,45.1110689170659,45.0948231214881,NA,NA,NA,NA,4,0
955,45.150002,43.8424003918077,43.947540357342,NA,NA,NA,NA,4,0
956,45.25,45.206226033646,45.173976738889,NA,NA,NA,NA,4,0
957,45.869999,45.3031554102644,45.2728596221667,NA,NA,NA,NA,4,0
958,46.400002,46.0637461310451,45.8860555791409,NA,NA,NA,NA,4,0
959,46.150002,46.1117576562346,46.410232505596,NA,NA,NA,NA,4,0
960,46.82,46.4233039618593,46.1629551055078,NA,NA,NA,NA,4,0
961,46.119999,46.5707786847187,46.8256077336771,NA,NA,NA,NA,4,0
962,47.200001,46.327790898908,46.1332628188376,NA,NA,NA,NA,4,0
963,48.48,47.0679093672959,47.2014358865512,NA,NA,NA,NA,4,0
964,48.279999,48.592276758602,48.4673818713556,NA,NA,NA,NA,4,0
965,48.490002,48.3649676292951,48.2695368401974,NA,NA,NA,NA,4,0
966,48.48,48.3410251660821,48.4772289936146,NA,NA,NA,NA,4,0
967,48.18,48.4270868292718,48.467326265015,NA,NA,NA,NA,4,0
968,48.02,48.3205917793009,48.1706096124596,NA,NA,NA,NA,4,0
969,47.689999,47.9334892039891,48.0123668316731,NA,NA,NA,NA,4,0
970,47.240002,47.7660183233935,47.6859865278274,NA,NA,NA,NA,4,0
971,46.299999,47.2447988538309,47.2409300051281,NA,NA,NA,NA,4,0
972,46.689999,46.3563228578335,46.3112430890194,NA,NA,NA,NA,4,0
973,47.220001,46.668904170967,46.6969934302615,NA,NA,NA,NA,4,0
974,47.48,47.3335831441954,47.2211860829144,NA,NA,NA,NA,4,0
975,47.799999,47.5674421519942,47.478324899744,NA,NA,NA,NA,4,0
976,47.720001,47.6982801978378,47.794807785801,NA,NA,NA,NA,4,0
977,47.93,47.7292730875025,47.7156765346822,NA,NA,NA,NA,4,0
978,48.43,47.9101714200893,47.9233716320619,NA,NA,NA,NA,4,0
979,48.380001,48.426514411739,48.4178848190018,NA,NA,NA,NA,4,0
980,48.450001,48.411577827511,48.3684201614213,NA,NA,NA,NA,4,0
981,48.209999,48.4115029135604,48.4376488509611,NA,NA,NA,NA,4,0
982,48.419998,48.1761761343802,48.2002736155718,NA,NA,NA,NA,4,0
983,47.369999,48.4586441293867,48.4079740157695,NA,NA,NA,NA,4,0
984,47.349998,47.3585904433088,47.3694801101536,NA,NA,NA,NA,4,0
985,47.279999,47.3661802429398,47.3497202110881,NA,NA,NA,NA,4,0
986,47.970001,47.2291898334816,47.2804956962398,NA,NA,NA,NA,4,0
987,47.91,48.1723141184226,47.9629391825698,NA,NA,NA,NA,4,0
988,48.16,47.7814384020994,47.9035827340204,NA,NA,NA,NA,4,0
989,48.23,48.2660688573759,48.1508400092462,NA,NA,NA,NA,4,0
990,49.830002,48.0425969592415,48.220065918058,NA,NA,NA,NA,4,0
991,49.529999,50.0072365351256,49.802525645048,NA,NA,NA,NA,4,0
992,49.119999,49.3971275669343,49.5057733738136,NA,NA,NA,NA,4,0
993,51.189999,49.2309693589865,49.1002613475572,NA,NA,NA,NA,4,0
994,50.48,50.8132720324771,51.1475761868083,NA,NA,NA,NA,4,0
995,51.040001,50.9115202111301,50.4453134871442,NA,NA,NA,NA,4,0
996,49.810001,50.7586011839708,50.9991762147301,NA,NA,NA,NA,4,0
997,50.189999,49.7412364314928,49.7826432144955,NA,NA,NA,NA,4,0
998,50,50.2595643236171,50.1584969079031,NA,NA,NA,NA,4,0
999,51.060001,49.936124013903,49.9705771771605,NA,NA,NA,NA,4,0
1000,50.709999,51.2379352677741,51.0189623699538,NA,NA,NA,NA,4,0
1001,51.049999,50.5291491258246,50.6727737977894,NA,NA,NA,NA,4,0
1002,50.790001,51.1993308529,51.0090470428766,NA,NA,NA,NA,4,0
1003,50.549999,50.4957991692919,50.7518899533065,NA,NA,NA,NA,4,0
1004,50.450001,50.8241089587181,50.514520806938,NA,NA,NA,NA,4,0
1005,49.09,50.1338066199837,50.4156240070991,NA,NA,NA,NA,4,0
1006,49.66,49.3621815440035,49.0705338983758,NA,NA,NA,NA,4,0
1007,48.209999,49.3700908805851,49.634317448707,NA,NA,NA,NA,4,0
1008,48.700001,48.4631148171324,48.2002080594904,NA,NA,NA,NA,4,0
1009,48.720001,48.5852837900054,48.684872326882,NA,NA,NA,NA,4,0
1010,49.279999,48.7189542154905,48.7046536723361,NA,NA,NA,NA,4,0
1011,48.919998,49.4120535077092,49.2585151920976,NA,NA,NA,NA,4,0
1012,49.369999,48.7569024781771,48.9024493956355,NA,NA,NA,NA,4,0
1013,49.18,49.4134675882569,49.3475229678345,NA,NA,NA,NA,4,0
1014,49.360001,49.033619498792,49.159598097024,NA,NA,NA,NA,4,0
1015,49.380001,49.5041158176655,49.337627810691,NA,NA,NA,NA,4,0
1016,48.939999,49.1487776342988,49.3574048620485,NA,NA,NA,NA,4,0
1017,49.560001,49.1195220737567,48.9222242241668,NA,NA,NA,NA,4,0
1018,50.459999,49.3288339941638,49.5354392978954,NA,NA,NA,NA,4,0
1019,50.810001,50.6342053639404,50.425561055743,NA,NA,NA,NA,4,0
1020,51.09,50.715344379439,50.7717031691161,NA,NA,NA,NA,4,0
1021,50.220001,51.0798018740462,51.0486170337151,NA,NA,NA,NA,4,0
1022,50.119999,50.0432548652973,50.1881414233768,NA,NA,NA,NA,4,0
1023,49.990002,50.1769733971202,50.0892492569806,NA,NA,NA,NA,4,0
1024,50.029999,49.8605544373807,49.9606824414292,NA,NA,NA,NA,4,0
1025,49.619999,50.2285429867382,50.0002455741948,NA,NA,NA,NA,4,0
1026,50.25,49.4319885728917,49.5947404197598,NA,NA,NA,NA,4,0
1027,49.990002,50.3665876621959,50.2178453671031,NA,NA,NA,NA,4,0
1028,50.68,49.858860621247,49.9606864180969,NA,NA,NA,NA,4,0
1029,50.52,50.8247026830281,50.6431238741746,NA,NA,NA,NA,4,0
1030,49.799999,50.2681158148348,50.4848627702186,NA,NA,NA,NA,4,0
1031,49.900002,50.0092071225503,49.7727526162338,NA,NA,NA,NA,4,0
1032,47.959999,49.5555289384423,49.8716743056885,NA,NA,NA,NA,4,0
1033,48.02,48.2331674075239,47.9529385451782,NA,NA,NA,NA,4,0
1034,48.060001,47.7868148973368,48.0123265759931,NA,NA,NA,NA,4,0
1035,48.619999,48.1946958723658,48.0519028040934,NA,NA,NA,NA,4,0
1036,49.349998,48.7161146936126,48.6057686439293,NA,NA,NA,NA,4,0
1037,49.169998,49.2737580444707,49.3277572817354,NA,NA,NA,NA,4,0
1038,49.439999,49.1603587678361,49.1497125083603,NA,NA,NA,NA,4,0
1039,49.450001,49.3339071940039,49.4167524411245,NA,NA,NA,NA,4,0
1040,52.57,49.4008371565985,49.4266376285225,NA,NA,NA,NA,4,0
1041,53.98,52.5777726837606,52.5124343683715,NA,NA,NA,NA,4,0
1042,53.580002,53.997943368863,53.9069075225649,NA,NA,NA,NA,4,0
1043,53.009998,53.5922973408827,53.5112385744897,NA,NA,NA,NA,4,0
1044,53.450001,52.4931665522261,52.9474692272721,NA,NA,NA,NA,4,0
1045,53.849998,53.5866751158419,53.3826526737813,NA,NA,NA,NA,4,0
1046,53.68,53.817266744122,53.7782532246474,NA,NA,NA,NA,4,0
1047,52.610001,53.795719756744,53.6101040343906,NA,NA,NA,NA,4,0
1048,53.130001,52.3509940611911,52.5518308458586,NA,NA,NA,NA,4,0
1049,52.669998,53.2087457582837,53.066152039646,NA,NA,NA,NA,4,0
1050,52.68,52.6036309309826,52.6111852440773,NA,NA,NA,NA,4,0
1051,53.220001,52.8488378603013,52.6210861507659,NA,NA,NA,NA,4,0
1052,52.93,52.9071142894447,53.1551701153336,NA,NA,NA,NA,4,0
1053,52.700001,53.197192318446,52.868336598548,NA,NA,NA,NA,4,0
1054,51.599998,52.4145138535577,52.6408614809542,NA,NA,NA,NA,4,0
1055,52.040001,51.6768148269946,51.552921369958,NA,NA,NA,NA,4,0
1056,52.110001,51.8647246352774,51.9881275140547,NA,NA,NA,NA,4,0
1057,52.779999,52.2459626470407,52.0573590576007,NA,NA,NA,NA,4,0
1058,53.849998,52.7238229893425,52.7200123903628,NA,NA,NA,NA,4,0
1059,52.990002,53.7668036064714,53.7782680558558,NA,NA,NA,NA,4,0
1060,53.18,52.9726008186571,52.9276701888974,NA,NA,NA,NA,4,0
1061,53.330002,53.0082483226534,53.1155947461477,NA,NA,NA,NA,4,0
1062,53.049999,53.2071414457425,53.2639494538403,NA,NA,NA,NA,4,0
1063,53.349998,53.1942533026369,52.9870109074167,NA,NA,NA,NA,4,0
1064,53.27,53.1244593068424,53.2837257446488,NA,NA,NA,NA,4,0
1065,53.84,53.3158598285307,53.2045987329833,NA,NA,NA,NA,4,0
1066,53.060001,53.7458475771409,53.7683504924159,NA,NA,NA,NA,4,0
1067,53.27,53.0450849150491,52.9968880114348,NA,NA,NA,NA,4,0
1068,53.740002,53.1514781762675,53.2045979363744,NA,NA,NA,NA,4,0
1069,52.810001,53.6618000667202,53.6694466603508,NA,NA,NA,NA,4,0
1070,52.759998,52.9089293528088,52.7496289313026,NA,NA,NA,NA,4,0
1071,53.080002,52.5357734583682,52.7001912335298,NA,NA,NA,NA,4,0
1072,53.439999,53.0553428685027,53.0166936742072,NA,NA,NA,NA,4,0
1073,54.16,53.506745235229,53.3727400460814,NA,NA,NA,NA,4,0
1074,54.130001,54.0495985492031,54.0848398139382,NA,NA,NA,NA,4,0
1075,54.439999,54.058017480918,54.0551505104276,NA,NA,NA,NA,4,0
1076,54.84,54.3435006991996,54.3617443951572,NA,NA,NA,NA,4,0
1077,52.759998,54.7294631828662,54.7573506143033,NA,NA,NA,NA,4,0
1078,52.18,52.7668769235085,52.7001349659939,NA,NA,NA,NA,4,0
1079,50.52,51.9650212325518,52.1265356778128,NA,NA,NA,NA,4,0
1080,49.959999,50.4873166237937,50.4847567539715,NA,NA,NA,NA,4,0
1081,51.080002,50.1360797113046,49.9309411358972,NA,NA,NA,NA,4,0
1082,50.200001,50.8978692830375,51.0386973397068,NA,NA,NA,NA,4,0
1083,50.110001,50.4786697449102,50.1683305448424,NA,NA,NA,NA,4,0
1084,50.16,49.8443473171823,50.0793362037444,NA,NA,NA,NA,4,0
1085,49.23,50.0864797841212,50.1287965886107,NA,NA,NA,NA,4,0
1086,48.700001,49.2897463331073,49.2089944969502,NA,NA,NA,NA,4,0
1087,48.509998,48.5830557044113,48.6848287065258,NA,NA,NA,NA,4,0
1088,48.68,48.4267253464029,48.4969292666205,NA,NA,NA,NA,4,0
1089,48.950001,48.7696799201175,48.665081012273,NA,NA,NA,NA,4,0
1090,48.490002,48.8868392959164,48.9321252647668,NA,NA,NA,NA,4,0
1091,48.779999,48.4726692784552,48.4771653773987,NA,NA,NA,NA,4,0
1092,49.290001,48.6583729939348,48.7639942714206,NA,NA,NA,NA,4,0
1093,48.529999,49.2842000777155,49.2684037164655,NA,NA,NA,NA,4,0
1094,49.150002,48.552419262864,48.5167213714418,NA,NA,NA,NA,4,0
1095,48.150002,49.0014385146945,49.1299423291316,NA,NA,NA,NA,4,0
1096,48.48,48.1285650913822,48.1408943032424,NA,NA,NA,NA,4,0
1097,48.959999,48.5334165215809,48.4672952788364,NA,NA,NA,NA,4,0
1098,48.77,48.7835763368044,48.9420321062419,NA,NA,NA,NA,4,0
1099,49.009998,49.0061306739107,48.7541059866324,NA,NA,NA,NA,4,0
1100,49.650002,48.7334521687718,48.9914749439235,NA,NA,NA,NA,4,0
1101,49.919998,49.7531344685064,49.6244587001492,NA,NA,NA,NA,4,0
1102,49.700001,49.8317707998584,49.8914793792914,NA,NA,NA,NA,4,0
1103,49.599998,49.7472483664624,49.6738824759982,NA,NA,NA,NA,4,0
1104,50.299999,49.3891890219621,49.5749759909408,NA,NA,NA,NA,4,0
1105,50.689999,50.3971456182151,50.2673054327017,NA,NA,NA,NA,4,0
1106,50.27,50.6342602955542,50.6530148487654,NA,NA,NA,NA,4,0
1107,50.130001,50.3275037931016,50.2376055402821,NA,NA,NA,NA,4,0
1108,50.77,NA,NA,49.9095412688482,50.0991449342391,49.9162387213986,50.1083699138212,4,0
1109,50.110001,NA,NA,49.9965355868992,50.0686302600452,50.8596192676189,50.7413568253603,4,0
1110,50.630001,NA,NA,49.9538553277917,50.0384513820139,50.1089236397981,50.0885785865635,4,0
1111,50.540001,NA,NA,49.9875939334956,50.0086043012726,50.6237038514876,50.6028888309648,4,0
1112,50.709999,NA,NA,49.9273819327731,49.9790853329113,50.4042811765142,50.5138661702022,4,0
1113,50.169998,NA,NA,49.9372493857023,49.9498908957921,50.903906789367,50.6819998550623,4,0
1114,48.990002,NA,NA,49.8910857183348,49.9210174611281,49.929035619064,50.1479133586235,4,0
1115,49.900002,NA,NA,49.8877166749042,49.8924615378796,49.1446878775476,48.9808619564817,4,0
1116,50.099998,NA,NA,49.8503754430166,49.8642196686065,49.6644271124735,49.8809164882445,4,0
1117,49.98,NA,NA,49.8390731219948,49.8362884285672,50.3793546171379,50.0787098386188,4,0
1118,49.939999,NA,NA,49.8071650583112,49.8086644258132,49.8961334558618,49.9600209354456,4,0
1119,50.790001,NA,NA,49.7911153885007,49.7813443015238,49.8459350189436,49.9204592225536,4,0
1120,51.639999,NA,NA,49.7625901984085,49.7543247303287,50.7516630980401,50.7611450503954,4,0
1121,50.860001,NA,NA,49.7437495854829,49.7276024205437,51.7229334429161,51.6018072163385,4,0
1122,51.439999,NA,NA,49.717384416454,49.7011741143044,50.7984450754851,50.8303339125138,4,0
1123,50.880001,NA,NA,49.6969633001604,49.6750365876086,51.2886154304464,51.4039825776439,4,0
1124,50.360001,NA,NA,49.672035015638,49.6491866502812,50.8474379509524,50.8501108288091,4,0
1125,51.029999,NA,NA,49.6507864579712,49.6236211458768,50.4827639372856,50.3358188699448,4,0
1126,51.220001,NA,NA,49.6268712380315,49.5983369515314,50.7897448977714,50.9984861401448,4,0
1127,51.240002,NA,NA,49.605266344666,49.5733309777757,51.4488492234814,51.1863947494233,4,0
1128,50.57,NA,NA,49.5821184871917,49.5486001683174,51.122872888331,51.2061692964037,4,0
1129,50.810001,NA,NA,49.5604536774715,49.5241414997992,50.541446569992,50.5435082166504,4,0
1130,51,NA,NA,49.5379326587869,49.4999519815386,50.7059501101565,50.7808918624094,4,0
1131,51.389999,NA,NA,49.5163954938775,49.4760286552531,51.0770817469196,50.9688067711117,4,0
1132,51.52,NA,NA,49.4944222514939,49.4523685947751,51.3863664292256,51.3545265693461,4,0
1133,52.02,NA,NA,49.4731319678601,49.4289689057574,51.4539929354673,51.48309249735,4,0
1134,53.040001,NA,NA,49.451662821944,49.4058267253738,51.9874171665682,51.977605371564,4,0
1135,53.849998,NA,NA,49.4306953888454,49.3829392220148,52.989766539685,52.9864117946116,4,0
1136,53.150002,NA,NA,49.4097065823632,49.3603035949801,53.8623720944097,53.7875019883429,4,0
1137,52.709999,NA,NA,49.3891102689743,49.3379170741694,53.0541830044649,53.095150341077,4,0
1138,52.509998,NA,NA,49.3685888812585,49.3157769197726,52.5695907132901,52.6599745336714,4,0
1139,52.810001,NA,NA,49.3483939885125,49.2938804219589,52.4318782506333,52.4621744191338,4,0
1140,53.189999,NA,NA,49.3283326596911,49.2722249005668,52.9333150979552,52.7588951297581,4,0
1141,53.279999,NA,NA,49.3085576524417,49.2508077047946,53.1163878385939,53.1347228170823,4,0
1142,53.119999,NA,NA,49.2889515750072,49.2296262128923,53.3076413131957,53.2237261031747,4,0
1143,53.18,NA,NA,49.2696069844115,49.2086778318548,52.9933832742824,53.0654741194144,4,0
1144,53.349998,NA,NA,49.2504522342705,49.1879599971171,53.174291891531,53.1248182574148,4,0
1145,53.09,NA,NA,49.2315431717174,49.1674701722508,53.2725844712385,53.2929509802087,4,0
1146,53.080002,NA,NA,49.2128358230519,49.1472058486639,53.1246401537594,53.0357980473309,4,0
1147,53.330002,NA,NA,49.1943636237842,49.1271645453016,52.955936694015,53.0259134406436,4,0
1148,53.68,NA,NA,49.1760993162809,49.1073438083505,53.3271769013759,53.2731740188162,4,0
1149,54,NA,NA,49.1580626329529,49.0877412109446,53.6502010916084,53.6193301217317,4,0
1150,54.169998,NA,NA,49.1402363948243,49.0683543528744,53.9716225967888,53.9358127379809,4,0
1151,54.610001,NA,NA,49.1226319397987,49.0491808602981,54.0746818627976,54.103936526114,4,0
1152,54.439999,NA,NA,49.1052381509139,49.0302183854557,54.5617568512958,54.5391083472582,4,0
1153,54.470001,NA,NA,49.0880612114076,49.0114646063863,54.3688009347376,54.3709562385832,4,0
1154,53.66,NA,NA,49.0710936391941,48.9929172266469,54.4198671582796,54.4006277155838,4,0
1155,53.580002,NA,NA,49.0543384432913,48.9745739750351,53.5476226874525,53.5995028890306,4,0
1156,53.59,NA,NA,49.0377903128214,48.9564326053142,53.5835944153142,53.5203982686258,4,0
1157,54.259998,NA,NA,49.0214502958279,48.9384908959405,53.487159234111,53.5302932324151,4,0
1158,53.98,NA,NA,49.0053143724936,48.9207466497944,54.3682447039126,54.1929495280799,4,0
1159,54.48,NA,NA,48.9893823753381,48.903197693913,53.8307883830852,53.9160068875226,4,0
1160,54.139999,NA,NA,48.9736510484662,48.8858418792268,54.4928364672881,54.4105282117103,4,0
1161,54,NA,NA,48.9581194687314,48.868677080298,53.9382928541333,54.0742428912607,4,0
1162,54.540001,NA,NA,48.942784830244,48.851701195062,54.1149498769816,53.9357822013407,4,0
1163,54.509998,NA,NA,48.927645739393,48.8349121445718,54.2573237953846,54.4698676713646,4,0
1164,54.91,NA,NA,48.9126996548844,48.8183078727447,54.7024639476872,54.4401824391863,4,0
1165,54.32,NA,NA,48.8979448907826,48.8018863461116,54.6683202768482,54.8357969170311,4,0
1166,54.040001,NA,NA,48.8833790621892,48.7856455535699,54.3584215230193,54.2522535273536,4,0
1167,54.509998,NA,NA,48.8690003031457,48.7695835061375,53.8664844403685,53.9753329306116,4,0
1168,54.73,NA,NA,48.8548063231361,48.7536982367108,54.5009973057894,54.4401865738303,4,0
1169,54.639999,NA,NA,48.8407951478169,48.7379877998246,54.7101298383532,54.6577693320157,4,0
1170,54.34,NA,NA,48.8269645464949,48.7224502714148,54.6187056505206,54.56874776433,4,0
1171,54.169998,NA,NA,48.8133124828171,48.7070837485833,54.1583208678875,54.2720365341878,4,0
1172,54.650002,NA,NA,48.7998367675218,48.6918863493659,54.1628103872264,54.1039039605977,4,0
1173,54.619999,NA,NA,48.7865353328035,48.6768562125027,54.5597254596976,54.5786519234281,4,0
1174,54.799999,NA,NA,48.7734060218317,48.6619914972104,54.646003094146,54.5489689542085,4,0
1175,54.790001,NA,NA,48.7604467558969,48.6472903829577,54.6790868005093,54.7269939630061,4,0
1176,55.029999,NA,NA,48.7476554069398,48.632751069243,54.7088780925685,54.7171005049244,4,0
1177,55.490002,NA,NA,48.7350298994767,48.6183717753739,54.9804135200947,54.9544660771757,4,0
1178,55.290001,NA,NA,48.7225681334927,48.6041507402502,55.4090351533542,55.4094204358043,4,0
1179,55.279999,NA,NA,48.7102680466742,48.5900862221485,55.2504783142579,55.2115989690164,4,0
1180,55.5,NA,NA,48.6981275678405,48.5761764985087,55.1562675579975,55.2017063336751,4,0
1181,55.639999,NA,NA,48.6861446550045,48.5624198657246,55.410852082601,55.4192949624948,4,0
1182,56.240002,NA,NA,48.6743172673055,48.5488146389343,55.6312209327141,55.5577536301508,4,0
1183,56.040001,NA,NA,48.6626433883365,48.5353591518153,56.1434890604519,56.1511743584612,4,0
1184,55.650002,NA,NA,48.6511210092725,48.52205175638,55.9763114871029,55.9533498239066,4,0
1185,55.48,NA,NA,48.6397481432051,48.5088908227744,55.5569217261515,55.5676243718725,4,0
1186,55.91,NA,NA,48.6285228150347,48.4958747390789,55.3374326573385,55.3994928771051,4,0
1187,56.16,NA,NA,48.6174430703061,48.4830019111111,55.9159201863871,55.824784895907,4,0
1188,55.549999,NA,NA,48.6065069691774,48.4702707622303,56.1086883354047,56.072036617355,4,0
1189,55.41,NA,NA,48.595712591884,48.4576797331454,55.500322021296,55.4687139719431,4,0
1190,54.669998,NA,NA,48.5850580351566,48.4452272817239,55.2251463058441,55.3302601134187,4,0
1191,54.950001,NA,NA,48.5745414156102,48.4329118828028,54.6488479247363,54.5983754666133,4,0
1192,53.77,NA,NA,48.5641608676264,48.4207320280023,54.908398254399,54.8753279865005,4,0
1193,54.360001,NA,NA,48.5539145454589,48.4086862255415,53.7034409555671,53.7082616212657,4,0
1194,54.560001,NA,NA,48.5438006219848,48.3967730000554,54.3302675461302,54.2918230601493,4,0
1195,54.119999,NA,NA,48.5338172900116,48.3849908924146,54.4189490990178,54.4896271981903,4,0
1196,54.389999,NA,NA,48.5239627615375,48.3733384595468,54.284744918438,54.0544443397159,4,0
1197,54.32,NA,NA,48.5142352685577,48.3618142742599,54.0238814259363,54.3214940343504,4,0
1198,54.259998,NA,NA,48.5046330626186,48.3504169250679,54.4371445175327,54.2522595442152,4,0
1199,53.860001,NA,NA,48.495154415305,48.3391450160174,54.0978752230347,54.1929166072061,4,0
1200,54.110001,NA,NA,48.4857976179608,48.3279971665172,53.8442306002397,53.7973061496749,4,0
1201,53.959999,NA,NA,48.4765609819694,48.3169720111696,53.9434840158415,54.0445757119348,4,0
1202,54.18,NA,NA,48.4674428385642,48.3060681996025,54.002018305335,53.8962158901817,4,0
1203,53.880001,NA,NA,48.4584415389741,48.2952843963047,54.066753151818,54.1138087943152,4,0
1204,54.32,NA,NA,48.4495554542781,48.2846192804625,53.8168488783816,53.8170946577687,4,0
1205,54.130001,NA,NA,48.4407829754599,48.2740715457975,54.2419496329211,54.2522766186767,4,0
1206,54.459999,NA,NA,48.4321225132815,48.2636399004069,54.0642560650756,54.0643524087083,4,0
1207,54.48,NA,NA,48.4235724982753,48.2533230666058,54.4246105033211,54.3907352564695,4,0
1208,55.02,NA,NA,48.415131380622,48.2431197807702,54.3314600844406,54.4105101052729,4,0
1209,56.259998,NA,NA,48.406797630098,48.2330287931824,55.0431209393986,54.9445883193638,4,0
1210,56.439999,NA,NA,48.3985697359512,48.2230488678784,56.0908507163839,56.1709809639327,4,0
1211,56.400002,NA,NA,48.3904462068151,48.2131787824962,56.4990838190532,56.3489764658779,4,0
1212,55.73,NA,NA,48.3824255705781,48.2034173281261,56.1654740957746,56.3094023122939,4,0
1213,55.830002,NA,NA,48.3745063742739,48.1937633091632,55.6243476442104,55.6467380409391,4,0
1214,56.549999,NA,NA,48.3666871839425,48.1842155431606,55.7399506115894,55.7456548955804,4,0
1215,56.470001,NA,NA,48.3589665845021,48.1747728606843,56.5341159528424,56.4577597715882,4,0
1216,57.009998,NA,NA,48.3513431796018,48.1654341051709,56.4738720859606,56.3786223101467,4,0
1217,57.060001,NA,NA,48.3438155914796,48.1561981327854,56.869446710228,56.9126963412489,4,0
1218,57.259998,NA,NA,48.3363824608074,48.1470638122812,56.9482659152685,56.9621367360018,4,0
1219,56.740002,NA,NA,48.329042446538,48.1380300248616,57.249113777886,57.1599347799657,4,0
1220,57.049999,NA,NA,48.321794225743,48.129095664043,56.5653096370905,56.6456306554822,4,0
1221,57.029999,NA,NA,48.3146364934513,48.1202596355194,57.0212328440769,56.9522376109419,4,0
1222,56.880001,NA,NA,48.3075679624813,48.1115208570279,56.8957398972202,56.9324514268356,4,0
1223,56.919998,NA,NA,48.3005873632729,48.1028782582169,56.9420105132501,56.7840960540695,4,0
1224,56.099998,NA,NA,48.2936934437147,48.0943307805147,56.6709382142917,56.8236569331599,4,0
1225,56.5,NA,NA,48.2868849689705,48.0858773769996,56.1616731426074,56.0126446603633,4,0
1226,56.639999,NA,NA,48.2801607213037,48.0775170122725,56.2997907521354,56.408280097761,4,0
1227,56.650002,NA,NA,48.2735194998993,48.0692486623292,56.6672760300855,56.54674127501,4,0
1228,56.799999,NA,NA,48.266960120685,48.0610713144354,56.5897365541248,56.5566312268124,4,0
1229,56.73,NA,NA,48.2604814161518,48.0529839670029,56.655283007849,56.7049828412417,4,0
1230,56.84,NA,NA,48.2540822351721,48.0449856294669,56.6522665072683,56.6357472385467,4,0
1231,57.23,NA,NA,48.2477614428185,48.0370753221639,56.7623087025453,56.744541648231,4,0
1232,57.48,NA,NA,48.2415179201811,48.0292520762132,57.1204059839839,57.1302640172601,4,0
1233,57.279999,NA,NA,48.2353505641851,48.0215149333969,57.4258554129456,57.3775138983247,4,0
1234,56.5,NA,NA,48.2292582874073,48.0138629460431,57.1669628199317,57.1796961031623,4,0
1235,56.860001,NA,NA,48.2232400178938,48.0062951769103,56.3751078814916,56.4082477605622,4,0
1236,56.639999,NA,NA,48.217294698976,47.9988106990716,56.7339584892564,56.7643195687781,4,0
1237,56.439999,NA,NA,48.2114212890891,47.9914085958022,56.6282862167136,56.5467261840094,4,0
1238,56.009998,NA,NA,48.2056187615882,47.9840879604662,56.4087742548324,56.3489230712412,4,0
1239,56.07,NA,NA,48.1998861045675,47.9768478964067,55.8095949448843,55.9236415333228,4,0
1240,55.540001,NA,NA,48.194222320678,47.9696875168347,56.0737143692081,55.9829977400575,4,0
1241,55.650002,NA,NA,48.1886264269472,47.9626059447216,55.4238154896726,55.4588112714838,4,0
1242,56.18,NA,NA,48.1830974545985,47.9556023126912,55.6342166628571,55.5676202420556,4,0
1243,56.310001,NA,NA,48.1776344488724,47.9486757629135,56.0017911174712,56.091811387271,4,0
1244,56.689999,NA,NA,48.1722364688479,47.941825447,56.3953638657891,56.2203774628242,4,0
1245,56.77,NA,NA,48.1669025872649,47.9350505258995,56.4521298171641,56.5962046783407,4,0
1246,56.73,NA,NA,48.1616318903482,47.9283501697951,56.7326304167327,56.675318307359,4,0
1247,55.669998,NA,NA,48.1564234776322,47.9217235580034,56.5777248563129,56.6357512569866,4,0
1248,56.419998,NA,NA,48.1512764617863,47.9151698788731,55.6077359239467,55.5873667478646,4,0
1249,55.860001,NA,NA,48.1461899684429,47.9086883296861,56.2458976085317,56.3291683881936,4,0
1250,55.610001,NA,NA,48.141163136025,47.9022781165589,55.8771808169541,55.7752999918662,4,0
1251,56.07,NA,NA,48.1361951155765,47.8959384543459,55.5901029743079,55.5280506906006,4,0
1252,55.689999,NA,NA,48.1312850705928,47.8896685665425,55.8073950409543,55.9830163954179,4,0
1253,55.880001,NA,NA,48.1264321768537,47.8834676851906,55.8215253350481,55.6071739049693,4,0
1254,55.349998,NA,NA,48.1216356222571,47.8773350507842,55.6757107206982,55.7951002463366,4,0
1255,54.439999,NA,NA,48.1168946066541,47.8712699121765,55.2955549503944,55.2709048670077,4,0
1256,54.060001,NA,NA,48.1122083416861,47.8652715264881,54.3500390885088,54.3708923821641,4,0
1257,54.049999,NA,NA,48.1075760506234,47.8593391590156,53.9508467846673,53.9950840616664,4,0
